link,resource
000a05de97fae4ea6e8c7ebbb6adf7ed07f595ef5cf322a620503c4a3113fd0d,9205559f67e6e40585bafdb6cc892392f39b9434b29012e8985f4eb8561995be
0023c2787bdf5bff507076999e29f6de9063e18a2b3e0a8e424b92673a122db4,9eda46521c6188e0f32023eced61244627e72ba988f669e15478f90d5203780c
01fd0dd170e8d8274f7887ea28b88de710c4425f58904ee325616f3ad454abff,18ee8ddaaddbb62504a493c4a554de45c829bcc17d48cf99ab5a6b163be364cf
02047b7f79a2a3c816bd7438dee10e183ead7ded1ed94e023c0bf28511c1e425,d69676bea0cb8e0285cbe175679219157615e5232dcd5a2bc37825c1564330a3
0229227627ed9813e1157731084ee85c1bb30e831c063065453e707c57129c0c,9933fb8af06079613a66d7f88426cc1f2ae344ee5154f739a12cc5111c676fb4
024ad59af8227d3c99024a506a1a87cd9106174b96e732a82d2e82579a377baa,024295e6c9a6d22e57e341b08dd494173b8e81c999f2c41fb25bcaf75fcc3748
035221aa7f7ff460fd08b3612e5c05b48d1fea1e2453d1e8f56e91ac93dc6ce9,99277f40bbf66b9345b6862e86323950d313e250b8cc34a559457f311b8c3849
035538e79df78d7564f052a0aa3c3fe2d4b12044fc49f9dec9ea12fe7f031098,9dedcde21217b9c64759356f71bde4fb89aa05028ff0450db93ff5c68c06f675
0355597adcbb22ab4cc1c8bd5933a7dfb369a291d126fae137e7236e6e6979ec,68a69753b93b4d9e3a20e0a444ed570fb6c7d1dacf0a3670b5f159dbb78c0bef
03b5752813b86ef91819480eea702a652ef349adb0912df30542eb5b894e14f4,f7ae35df6f6ba80754bf6ded01768a50b55ca6d8a8c10ed777b6dd3a00d849d7
0467425a3684994a47e296ad85459dbc12ac97ce7dec7cec16550cc185f2880d,fb5bf9a888b6cdf788db00e91696a3c4be24d664ab1ff45bdbdb9a04ccc7892b
047170c620072b1145c4f194f40aee64401ca3c86678beb73440c4573eb0e38e,c7151e07faf7ea4c334397523c85c1767d8e54a22fad053f7fd6ec8bfdf21f28
049a370b16e25cfa693a50ef7b8553cf7e0583a3f32e56558efba3aeed4fc5e5,6b550bfc3c67f77e313aa8c44018e3fb7e0ce2017692f025ed25af4ababd20e9
04d00532254c31c902eba41612cdb4a4095a713b510b17d1f446f2723f001034,a35c5896fb7a45845600cc174647477930ea07f326de797897a22cdde9975729
0508294156aa95900dc4945d8ee8a6767bf17d7c88cb3b09d10d028fd2d67b02,979b021ba8105394ce212b88afcde56d0ccecb81d3f785df763ad7167f248d21
05588db376760416f9d698a5ab405f416d84e733f1b932cb899edf3e606748a6,9205559f67e6e40585bafdb6cc892392f39b9434b29012e8985f4eb8561995be
05a3c7593ddfe9371abaf6af74fdcb9114bd6a3ceaecdb26e3969dc233fe98b5,95cc961f89e833cadf8b883eeca8bf361fb9bbae7481d1e3dfc6199a8893df30
05c5532b6f4f1bd62feb00906c2f767a7304c2891ec8e4186c8ccae14df464ba,a6c8009d84dac7b42810f774e7f67a8d6f26ec9ebb225633f8b11a0847c4e9cf
062fa72fd2a8304283e5f00023cf29f7b794e4ceb4b88f194186cc20785f44dd,0973f09fd6d71ba7d56f9f1c235dc7f05f9d252debaa16fb1734d817a91a8390
06dc0b21cf330c8d7e7b0d53c43af9cda318cd3eccfd99d7b9db9e90f3426742,94136556187523fd3317532075e3676acfbb588aa3c4e937bd696c18c567a104
06f5b803a7b11465293da23304c89217103f87054f24838d95bd0e6cf11a0b2c,b6ed0267c9db2903f719643ff3e153fbdf65894e33706a8a52280ce453e53ec3
08bfbb7a4afa0c727248fdedd6bc7f655fa0dcb4ebf7babf6f1a7a541dea25b9,f1c4ddfc8fb3be6c90f97f4fb33c59fa6e6394a020a6ee2672522d381bcaaf6a
0945d4874b3a0858f1ce4058667f591fed716134e6425ab0fb62f70929d04fd2,4d36cd34b2a0e6d68d42445b56373a6972e44587bbd208737cc7bd1a88fcf50f
0a0d0c13abbc02fbedd7ff98fa2fecbdae622d22537811bfc1b2a6bd13d36c8f,896ad2df77ffd84d30aa1041f96ac09bb151e01a06187ec5ed274eb1b9924deb
0a39af91c9d4bdf0fe84ff13976073123179451ce63228ea10bcd8dc6e945c0d,bea1b5b3b6cf1191e83218616bbb3da7e988b81d3f1241d3b275080c1d38855a
0b4192c3ea322acaa2cb90853ebaf1fb89b2d028e3c36854d0340d57910e3b09,68badca0e891be42cf6759262c8cf4ae3792dd4563e067fb066c0ba4dd49c08d
0c7ebc8d72cf6cba7808c22fbb3de3ab786367bc30574c4c565fd1a79285e833,8061e6b586b41a2619949bcefee912931c69e0bea72bd6f38c69341b71c6de53
0e26639e2f7099588ce024b865a7f1dcc3c8cf4489530e5a6cd3f587bd3620c7,0aec30f8e111a9cdab08fed7bd537ccde0c0fb454e27ae62fa9fee8f6f9e25f0
0f6db116583df6b99c132dff7936dff40e734fad70f56aa9a8778af44d54a361,37c12dfb931e781d57d4fcd5bff61adf0a61fc093e03e3530a4ffc1b9af874de
10150f8cc697deeff866ed4dfa82ae19cbbd5aae565cd89d4d3e32aad11d8ab6,a2751587f6c9df3a75ff4058b9460d616a0e533640684659662057a89217d8b2
104cb1732d544e40da36c7960f77d317d9133f6ce3e86613daa1db99f9d5b086,cd8c6b4aa33cb32a9a1107e1c3806900d377c0e2bb24621109aba5897c37c567
10b658245c216f9bd832546e3b7fb8700ac7595b4a5111c926ab5db8c49e5a42,67e6dd6b56e650f3a3d3dcf36fe15a179fedc2f9a587afadd4bfbc4b3d0a92ad
11ccca5934ad33edc8f968b981cef26e1e09ec698ed10770cfaf7a076bbeb002,8b55573bf8b7e8977921bdfe77fadeb45f50c3a62bc8b6cdee8a6847449ced2c
129b04bc715418ceac581849108e69a5a866e48cb6bc32f4be32b5ef1dc4dd11,7ba205f5d2619398a931669c1e6d4c8850f6fbefe2d6838a3ebbbe5f9200b702
129cfe3e25c4e245ec173bcfd0ec01f6887184631cc19084c7f4a3ee0f40490d,b3b9510516fceda5b468c63cf2e54371c051f2ad34d9a1e45b820294ef5e70fc
129ef95d8c5dd53723ef9f67709446967b9375e7486be9a281859b4e7a0e3b07,6b73c9ab2e918f7d85e947b3881e2f9ac01ba1f464ba09595475262e4ff73fc2
12aa1979c2b2496cf49988484b76e0ea78f60df290fc368d7ea8be38e2f7f7cd,27067df7950a62f840ee55457297b7f9e1a21420b2334cb4ac8e56642ac4c5a4
12ca9bd2b912e5ac4336907c0c35a49f17898111daa195780a02e0e89d56eddc,2eb8c443dbf7cd505c72aeede0cb051329326e89ea93698c26cb8b3f1c615f53
12f58843db8e1172711129a21a7d9f7c557cf9b8caeec6194b65825f1f318e27,3513dbc663e529dae5097f3cc1589f3ba17acc7868e2993a7b72b6ed8627f52d
136cb36eb4eebb415cae134304c764cd0ef082d38941647b4a52fb5bb58bfa87,b1e8885db8a23d0f7e7a08dd42741e331fbf0918ea1511116a9e58177dda32da
1403bbbf396101e1ebf5feaaa484b2180d2d51403e132dd25b8950fc97a830d9,58410bbae3f132b4befdd0baf673a34267546489087ae18ce09b64fdfeaf67e0
149fc25ae7b0ee894d693abce0c3ccf66d0b31b5deda2380e1e3fd8a34490477,1acc207e89a6a1ea460d438c9d4cbcdb2c629c4691d623ffa87df13773259587
14a53c81a5ea9886404fa18fa690ee7482d86a78ba7a9a0088287d7fec1960ab,e091db1ff7881f03430ff41d27ebb5603bd085be858e8d55f8b396fd7ab0ecea
1557e0e322fd55067f4c9d541d7cf2862809b8e2e945d13bb69a3757e839e9ec,6cd0ed46a9a905307ff30d8b99fc5ca8b6e1dceb4f3b4f3c30a2b2949d9ddbc3
156806e678bb09a5049eac29c96b3ba836ae5e03df7852ac0a49545534b31fcc,48b55c8a98a07576b6de955ccc33c95ba4f4a6da8fb49752501d6f05fae125b0
15a5f3cdade92053d3fde97de96b41fd79029bc32037cf3d1d3e96790cb147ad,e24ec54e7bcb5c01934afb3d7b12731f07c78778a19757e2000fe6d3d3605e3d
17c14f349ab551e07c1ca35e510c559977c380fd28d9ed5ed98e5d5c0a2374e9,9779f5ee93a1a9339028a66ce2d59ff2c62bdfd04e3cfa1e0804423408ae1067
185f1b1d8dfd30487670be2b2988ccd41a51e5a8848e867c7928d8f948c6ccab,9221d7f66c1977039ef688e102960b64447f0a72f548744b24f687f8e643b115
18c714ab07cb7bd0acfc3fdfe9ddf03a9644cf87c0023124c758961003fd8484,a64c898d75a0c57e1f3566a2fc6e7f9bc1ee3bf70eb81895b61a8203c61ff746
1945e57b32134a160bfb4972bcd6f86935b4c6fc0bd0001dcf41353bb16d9041,ad2030e211cbb0f3b7b72d1739b25798620f8913d5615859116de41f21a4ff8a
19ac59238428cc98da8616eb7e17d6650b0d438dc6120f306c07ad0ece371acd,a44fbc1c106028e80b57584eae88eb46b6f328c152f0f136eb633e2214c87599
19d749a93073e87f6a60146a31652bdf08dcd36e789546bd77873987a968ef8c,bee17947cd13d5206734ea43c83f026b766716add77109d7ddf01b936a74d8a3
1a038ed03f583a6d1d67b8fd45bbc4909bd6ee0658cbbd3d2e85dc29877db46d,f6319e61890141afc80397b0ae6d3b4191ee34a5c1c949e83e58146127c04ec8
1b7ed4cb554608d7391f184813f411e8bb956698ddd6cdbc3ac9d459be42ad38,97875b7df30743cbe4c12bfb94057e1ad74ab97edcfa7b311cc25ab6e0c0cc1a
1c15c98d5aee488398bbb5ad1145a46aa74dedfecaffd7a475eaaace32edc669,325f44a5355f23ac28705fb0dd92f18f041afaa8307c9bcfe0f0a856f789e346
1c2082e5ca9209f6318aeacf0027deb5b873ae89e6312f75883aaa5d1f0ed30d,f19782aef6adaa956ae2e4c28f69bd042ece9d7f5d6a5490e1e71fc636e4e249
1c4528a1dcd231ca2c0282dd3445f408d23c2730ac2380f380962a020e23ee97,5c6f6b7edce1592cda94845130f30623c155fdcea9c676add368916eaf4108fe
1c5855aa2e53b3cff92c560174ab5e025d20dd8dfa8923269b51404695d0fc4f,32bf55e218c91bb245054bd8f1a2b0193dca16a1af7a2217933baf2db515bef8
1d7635c98393b64a2fde13a75b1f40cfb8c9c19c2446d323b990009a40662666,9b7db413319f68ac759d356bf44a62e48e78ab1d7dcaf39b5f68977a5c31df32
1d8ad90765caf1111af06151b6a609c82386fb218e80dc8d72646347cd20085a,c25f8b97bd93f47ed272489a7be50e98514ec5affb1f9879fe434b1dde03b00e
1e24194b662874b45683dd6ccb514c42673a3b77f14dc772311ead7bff0711a4,dcc576d823088e02d12f971c964623a92afe5b0825f60cbfd774087f1b83ca9e
1eb466a9bd6231c7949ed783350f8e0124b474599e87cb1ab1d2bb669f800150,7fc43a5ccb6d7adde6a0ebbcffe93cf2b27beb1a287b18692d9e00b6d78bd8c6
1f7ce9ada6f3e9c5ecdb841b29c16d9f245a01fa665fca3093cd0cc5cfaa9ab3,8d701ad64b94c5ae2bb52c131d620b419be57c51a787f56de715a4da7efd3e99
21ca7e14957872ceecc3e2500b78a281bd206a9804ab8f24aa97fc52850559b5,325bfbb3c1555b5aab52040f7491dca408ae32da52ea0fb8d0e88df4ead0a43a
2236b9b65ee4dc2fb6528ae3863a3aa31eb2230c1a13ab8aaffd0aa9809321e2,f8766b3e470b5758549b4019bbc38e772643871076ad75e9b3d5d302b142d720
22604698cc5bd1b88e9b54d506e815073c9e0b2bbc5955b76cc67ba13affef51,d56dd914b12ae51084410e3762ff925335bbef0e8541a218b8d9f9d536769ef5
22665561070f6c6d9b3ce018282d3e2414321d4fb601746b4e2ea33ebce41283,84fa1cddc55bfcc78ea57e9695adef175ed9ddd8013e2be98a473eb5b990b0aa
2271dda0263bac34640528928368fcbe230c6b6092f4b66dfd090b3ee070d9de,57d187fb0565b0c776f0436fbd774acc92bca85c17dc6169a3164bc498221b52
2281a333c818d5eb0fc163ef37585b1ef60ec33df8be8471d1adba37802eb610,3c92e7482c97c7cdf37d030ec26c81cf176d8d1dadbe6829fc82be10147f5ce1
22b8142c42493d3d2ebbb573e22912da5088af1fdfae29b771f1f66c85f1fecc,b5ecb6a7bd91514876b460e1b4a19fe2a6225e24272d94393c08d6520a9ab31a
232b738fdfcae4e41c82bf6f3921207d7e67c91181e63c10882bf71f981ccce9,117af813c96e18a29269c9b3ef0cf801901e5c8c229668b3a25fec2991d69ba9
239f7a38efe51fb6271d40bd76dd7413fecb458a5c4d1e0febde7eb98550fb7b,27710b83c46fb36c73ae7eb3d9011e7cd2488c535e04c7bd0beb2587364d464b
2492b8b210fa740b361120a88f233e154107867388d7babe220e78ba70816c0e,232c6cab386276d5fbd262f6e0cd04571e1ba8f51d7faa9bd5baa75131ac04fb
249bd4539af3de697b67c21c617cc4e7638c7925e5231f652ae3163145197fa7,3688fbb5b10e15af8b7acd333750957d591696ffb48b04d8b635355148bbba90
24c3933dbc8d9c4bb0b7694ecd0d0c08c9cf02d2357fe41a258d471449b4cf87,68ec0d6931690d0b12c31b0354298ffa6a33b83ae886a8a10a89fbb69ceb8125
25899717bbbe2c67b0dd9680843c90ef884872b870c8f6898e8f63e3417833cc,083bcaab201ec76562ca96c13b687b249e16fbe9372966078d9f870e722a365b
26ed7ad003da61c66f9656ba61750b14a53b3ac74a1865bfd88a92fa9af333d6,1a349651d94dfdbdc44773a256313c391c7418f0bcad53f0697c97905e5df993
2744e87707f262ad817c0f46e8aefe82b27b4448d7140662d459e0914df4f298,2a7b9d74419a9388b37862f100293f18ebeee60212d69e9e1f2e1fdb402375f4
285ff71c107a299fd985134c2103f7a41aab83471917a96afd1692580754f70e,2520af17d644b3b4ca1c125676fb490e635707f0c920f816332c234539ffb577
287dadcc84d7f96357b1b74e11973557e03e5eea8f733fc5140c28d62cb655a8,5bb7e25b160e47e5c2ec0c4afa58029a3a71dc799041a2ab61ba9f47aa9abc4a
28b02b97ce6edc4d3a8f339461cb1ab490952f87fd30080c75ea9fc74831192c,dae00a2f84301c3729f72e7f035ae4de2d518b28264d1a890f2430040512027f
28c28ebe331fee574ab9f289b9b619378e98f7e716065e79134ead65ac5db405,60b8ac462544709005df52aa085f15baad4cbba799e64dcd6c763eed05a5fb2d
2a0d3b12932692bdea006a8c4a7e5c3af5bec5052f215ea031824611b9b8a7ae,ec43eb7f3d03d759e70506e9922d48f5bdabeda982f6fa7976bda9e963f8248b
2a784654a3f6aedff7b36d3cdcfe09c07f134aaeb6cca6e3d6e7aa900a82cc9c,8b6d181e5a6fdea85a9c83c889d6a9b5a2d03218e20552c9658c8fd883876615
2ab45c3f24d1d347bb32aebb4f1511da81bb16e2a169443387ee7fecdd0af4c0,47ae15c373da005ad5d1280e13163dca5725ed4a04b32374991d14004b9eab78
2b322b4b6c8910413af8eafd3f50e3dd972d7205502038bc0a7e70f50db92323,9990c3f46b50c3f193e4e174fc0825cca1e81d54ac366c76bcd88b0735391dd0
2c29727a98d83143c33b69b4a2f8513c905a35e771745c26138fe2260ba3922d,b1d501ea03462fca3e53fc4ad0df1fe23fdfc969fa47f2314d45fa88e991b436
2c613c724a78e9d170f23160f09c7d00005a8d1b5fd7fd8dd6c1b70ab5ffb49d,2bb8b8f17edffd33f6ab7b614216cd35f6cfd97ec1e1f487bf11cf99bcc33282
2c7285311a2e8c5ab88ae7bf275a7499cce18cc4fb4177e0faac4f7d2df41259,08e88557868c261dd7fa9a334e49519df201475d0e49d1c50a683d79504a686e
2cab47d0057c6896ff823a3a92e27acd02b78932280ce8916079c1b001da9de9,9f19704ae1cded4c413dd836183eef54a4cc124a4a13fe167132f956ddd6ab3f
2cc6c5bd597e1aff4d6b5db419ec54ece5ee870f9c4b251056655b5be2fc86a3,9933fb8af06079613a66d7f88426cc1f2ae344ee5154f739a12cc5111c676fb4
2d352053538d1edb187630a53fa1f23a9b86e2f85ec512e4046f60176fe5df88,049b06464791f4a1dc2c73ecb1d9e5009d9fb0e109a828069babb2c588415f6c
2d537016a9765eaf9d7790b3be27c495ef9970ee42ae624c4149ce6e9eb6ba86,35a5b9ffa1a48485baa5c6ea9b894f8be59f7fcd0b469aaeb9c205aa0f1de512
2d910b7c3c7e1f87b2662f644863d66e52f0c80166d9304187491ea2e6f43643,0001a1baf9ddd7505cfef2e671292122de73a44299e5f5e584e9ec1514c0181c
2eab02adea26a996693d2098bc91138c34ea5acc48e404991a82b39016a58b28,24cc6bdbfc6e9efde4626416f208874519bf6a924b9b162fc137a8d44e7b27ba
2ed708cff8a7b757eb3d8a7decfa5712fb3e7e375c623ac314eb6eb25d034822,b0bcc17c0af4975a5f47dbb6d3a6c9802d17caec592de1ddd92fd4ff65d460c8
2ed96734ddeaeb594fdbbb6461659a8dedd256d486164b1b56c2088613b395fe,850e4aa49507b8efa53b6926d7a788721cdd20c5e1a4633541c366c63c7522c7
2fc9a0b88861aa02584f2b90292bff7e1ccba9d420ef082341081eca59f3e384,7bbf483dd896de667a8476ab102c8aa657f01c9cb8dea5c9ed186d05d941de2b
2feb81f60fbda862682ee51eedc91b659917b5828aafb4c3166047cabb797c80,71557048ba0c0f9cbc7e8c5defc1688542c938a1b91a2d0bb3c4c3290e6c812e
30b94b097f288a5f2df6ad2cae6fa403a5599e39bece5334b370b424561eabe7,22da6ec5b4606f5e6ecb3870a934b09f3b84a98b24a6c9c163b6e0f7b2dcf788
3134e888f9a87b85b1d3d9304d879623c68022d65b6d95a98044dc6e9cba2c57,d74be23416420ced6f77a0048068cefbbbf8271de3e4a9baf7c5be38d65d2215
31776a19e37f9132580e9db51428d75131183b5d0bc391495dd4bd14974d73da,1410803bd16ecc4a444f853fc04550b0871e581a86c240a202813e98c8e7da6a
3198d071873720b401c9a37ce0f9ae2c450736af0dd316ee89e1e8c7db38fc1a,49a918dc51d8d4063061e5b0d257943aa194370ae1f07a1c1fc746f7ed7dd3b3
32589b83428be50b00e837a32032219201ae8f55ae5327d46b9b3c82feb7bc59,09507a469d95be4189fab5558f4adf2c03c61ac26204b65c60387529544d2788
32c99b76fe0a4d0074672adc8596bdd05155f9e60949b7d4979c3ef749b01770,33dba14b8bea82c6e6daaf50c1f1a7d5d600e918df2e1755bb34d28c375e8328
33100a11d79dbf9a721cd18c1ba4ad154688b6fce319a45d831c26a5ff5a601c,f25c1118c12b2de99473b8a5f7ff9919e2d0a3b18caff40f34e3607e33a303b0
340e2d2dfd2d5043cf115f41ec5a73b95f8c543bad7adb45d438ec233f78ace0,eba7154272fb878308334ae6c4c5f38f5d9b27f10d5de5b781e55a67371737b2
341f7d137e678ab7c44a8d651d9bb50797d1b8e6bffbf802063fc7a35c96476a,f08c464d27eac845c0eb5a3e62f28443c0292a2949223bb498dde310dd4ba0fe
3462faf90f6f27e3e67bdb24a609b02014166c535e208aa0a701b32e0d6265a0,2e2057c49f3d70e582dcb94b837a132a0b216bef6078b86361aa4cc45878bf96
34c0d25c41e58712f10cd1a7fcdc4b08bbed52cf2d48917e5d66c15af3637459,dc82baecaaa896caff507c12a174fe9c7a2ff69b4693a93d9d4a91e511bd18ef
350ee2c375de9328392a11595eec34a2579933879c39a2371c0f6b4699dd7111,edd61670e040f6e97b4fe276d890b06c01dd57102bfbb91d44661dbe84197c5f
35b86eb5b29d7de1a9879e0bf4748aff2fbd806142408748fc6aea52db38197b,3089a3f8e06e4b03f30955c91ee33ec80dd979c6ff48e9be59a414fe244e71a5
361197b5ac1a4b74199cc9f8b13a246a86f2db732ceec2d441d80579a9351541,81e38899e7e04a506c4406843728bcd4fc0c0875a70dbf93abe9fbbeb8e2a7a8
36440d2479b935805c1d13fcb46b78968ba968c959b9e7d465fa4c95b9d04c01,93f7961f5e90ed8e26b632353221a0cc955a70fdbe3b0130c3d70ef03c5bb356
366917eed36250b071041a6b3a089337c504991aa789cd5f48e497b0134d94c0,aeb4df662edfb4a20857b3664a1ca3401c6475a8691537e380a13a23629a0854
36c1c91ee6ec46da952246ce66916adf3200f7b14d42f5a0814948177b84dde4,5f964c7120fcfc160f46d61ec00d6ceb96476773224ab45a85a6340b1b55b1ff
36d14b675eb92a764f9229332ff895375afe9e2093f5e9dc83404afd7258d3bb,1e676ab6544457f0c926c787f10159e952c78c3be221eb5cd94cc005791042c4
36deb35dd1a5bb5205fbdb8429b987d14c15d6ef21bfae42df54d1811db9a2d6,dbf4311e31af4e6dc52beee9de1c4fa092e0f630223d3534ca073535e360da4d
3715a13460e4e586d294e64ae460e0676cdbd9a7bed53c2fc1ee3337a527472f,2091dd8344d35c5108e4eebbc6865b14d3a1fefbddfe7f356d18c25996d8aa2c
3a988151ff87d77e85d89f6a9b59b7a3ebd280dbb8745b68d91afa61f9a67c0f,2097b9a5e8b6d406a28b8746d2a17ff6dbc3cc15a86bd7464d91fa9f45770fab
3af97effd69f3f6c09be41d35c5e92ce45c016de0a0896b193e6d57132e98481,2b5940c427ebabb32d95f2097f5480081d0af9f201eee8bd83ae25a6fca681a4
3b59c6f8753167a096ab898e9478aabd81b57301f71a776b02affc4f75241787,1e5e9aac8e2eca160ed2511397c1ab2a59eee8c764e1bef9b10ee9d64de9ac22
3c3153867bbdd0707899f4f666fb35ba83beda1a026841cccdc86d8c88b3f6f5,77d71d59578d17b2a5d6859ed372e7409a276e55e9aa9056392ddfeeee7855ac
3c70fd11b0f1268994f900a661d797a8b993badb6d3631d0b3e15a72f27c03d8,705ceb15dcf386c1df3b529f229bea20a994c75e1b8ddc1a76c171a15520586b
3ce79f4a9e710525d0f7ba4d645ca292c7a0e1d2914bca20e2f2a835381338e3,8a5308d4b8e5c240e9120685c52b3b94e44e0c87dbf582eb09f6dfe928bb9d2a
3d45436706b103989274406f94a45c773754d3298cd380421f982574cec875a1,34377bd3867f434e9e94176a0fdf8a10905bb87eb3bfbdde762eed1f3b5c7555
3dfd456d9410546a866b1a722b69d764a30a3094e1a499aee035538c50010c22,0abd8a357da3b458504a8e16969a1c7ede85e8b7ef2bdef274d382f1db4108fc
3e1791257805fba309a283f34c1ad01dcfb3ff2e23fa3993fa84b77f237d5b1c,da787466995e063f8e2c510c82b805cd1e28e229227540cc63287abe00bd2a18
3ecadb00c5e3bc33f574ee93f483a5390bacc15971ad119e3bc1a4f311f75786,29574329559c4d4a5ba8d10c149b2627f425f386173b71418e8d42beff597e7e
3f03d9855f94cc6a78206468b67d49f43672862be56a1d87b53f3c5cf1b19ceb,861b110ca9fb6ce201b997d8c904056946a15f6e596400415558060fc0a7699a
4070ac699a308175e444d35d9ae27717ab84fb1d1a74be8756d007985ed1183e,7be1de4ab474457ec0b3baa371a3e4d50ae92045d37158d33c405e7889117b71
40b977e067eb869c0be68682b0b83a865ca66acc79fab834ccc8a2ed4c9be981,1e6a760b7915b699482ed21438dbc1564b660b81afd8d6b06f9e50494d6f3cee
415ba000376d225d51c35b3696967f02bcaeb60a6d7723542b9d171c4e321c40,a2308e58ac12fd150bbd8b34eff1a29552a88e5d0a84abee6ed79048d25d183c
417337af37280128db6577d756c273f3d9ded027b2b247a1b40159f635170e0c,0da9a2dad92b733c3ea4dcbfc837df39126e735119ce0806c2970f2f82913204
41c6f5b8827fbd4a23949e9a354c5d527b14b978734e7af3c858ae9df840719d,77da1087f91eafee42797dbaa9bebef573d2eb759b39d9db130c99d34cbe4ec4
41d526c519c8a055213b346ab78ff3e074fb1956c758b17d3d61dbcd4ece8a3c,0bd2c8d48a4fd87364f31dde210db29bc201976be57ce1ea848541e9a2d6110d
42038101dc39ca014d57263eb2c4485ce01230b60063ae01abb3dc5b21154934,cbb91282b432b55301917b3bae8f36f5c2172a95f3ed516ebd560df9fbdbdfaf
421cc4d3b8a060560139bbcede1787693ad9fbb503f0a954876ec41317714d98,53eae689203c3b4251f28ebe2d82c3d4255e90733317254f2ebf7d4d7870e138
425a3e0cf53ef4980e9c133f850a6e9e1a34cfd2e444e4723a96cd3770e08a66,192bac87319e7b167369f300abb7bdc4d095522a311bb99bcc749590c3560068
428f89fa641511c888eaef452568a7798d708fe50ccb4116fcc62c827cfc3b28,7e41b7383b9eeb6ba0c93fb5b21931a0ff0f33663adc59214846dc4850347224
42fd8dcfa6c5ffb048a87d429abf1db1f45b99cc1fa3f861a62a5bc306af340c,fc89db4700bf514b11fdae92fd35803988c2f03d831b44796a57115885807f25
43dcf4673daf4d72b38a6057f3faac8826c6293eaf746c03936073ec09935473,6c2e9015d78d3f49828ddf5bea7ecbd28be26caace8b2adbcd26c59eaa9eac23
44348b0a10e308069c220fa7e0eed48e0331e83cc9f4d2e285cffb2aca40bedc,e30b4383fed7f88ab2ed9586bae5cda32d4f25d1c1e2bd19544dd640c006dbf8
44ad0c869f3d60766debbca3b07f19b7fa4daf824d7a4030d3fbad256a21ea67,a35c5896fb7a45845600cc174647477930ea07f326de797897a22cdde9975729
4584b79ce64fdf40efcdb17f858feed5a30e52bd52f4f1e9496996ca9a9c30f5,370dae5fa1397606d1adab337a12a76e64b4d729ba713ea75a09f94a6f8653df
45c9e1bac616b6a00a28ac60166aa05f126fe4de56cb4b333b02b73da3f1fc79,44afe322697927031cfba057e2902cde48e259ac53ee532726abf01b10a85156
45df775f0866adafe06d52e301853188aa897dc96e12a177213aa609b7e7fa53,7414c00a2966fea867d2709704dae5787d9c8e7690663623ed19c62cf5b02a7a
45ffcd5fbccd06e8881c5f77d4bad5e8c2e9f00287049e7039423a765b5490ee,9bd3f66080949054223825fbef170d5f00c7c1420b89964457009d4ddfc24131
466796e9f6e18591dead03d9e7836e02d6494ec1a5ac9e079f5cc7e1a7dfdc9e,6b33220e86d6cc397e11a56eb88f7dd7620b0ae7d9318c4ee093b9e5a99770de
4726332e73260e4f777fc182f545d16725613574d1c46c13722ffc66dac00350,169ce09909a7a0036551370d6a4eb5c63f5ea6861908fb4506333adaa8976c98
474cf5e496eec47aab8d950b669d9d4f2358a0b618744b77e30474c8516e804e,dda69588484b738fc11766920157bf7dbed8bad220109da484a9f43dd4b6addc
474d3b0aa57e82ff29965ad43a6ae79fc7a1a2fdf75e9f48eca855fa4c172674,880445bc3545e51d1c3c3d39ef6f4aed767ae945a4595523acc70c9956a7bec5
484f9a9b0b6c2fd6fb5f5150b9534df9caa4be31a781ad2facfdb044e518fab0,a529f82cc722ae2e517cabedd55c091abdaf61ffa862fcc0262d5f0484417313
48c44e4e95f152bf0491815559074b88cdac7a16015215e417d01523c09d9ce7,9779f5ee93a1a9339028a66ce2d59ff2c62bdfd04e3cfa1e0804423408ae1067
48c779086e2385b26ad81b2018733a1b63a72385229133dd703a4994a341eaf1,56aabd5334c3113d320c5042626f792e67d82cf084d94298742960a2076856ec
493b06233813cc4fe054478d35a81a4f8480cf6d8929cf06471116af8ff892df,9779f5ee93a1a9339028a66ce2d59ff2c62bdfd04e3cfa1e0804423408ae1067
4a8168df59ccaf51172aefc70546a10d37ac8aee4cdd98ad0a7ff0011db0d0de,c906cff32aaa59dc601f5ec819e3299dd44621b69cb6f402413eb9ed4b272eab
4aaeb58adf8061e1954a1f7faa88bb6fff36ff3912e9208828ec23ae1dd2e897,806daf0f4a82854ec59803a5c096f28c9504ae8f3635c86de2aab555a2c859ef
4b97c57943abdeeb27f3a4f44e8536dc9a697e0b63ae098855691772196523f3,a45d01e8f582bde8a6dd5f67d5a253ba6e3f1aabfb55b77ea841d4418f43f481
4b9a20e2c84fddd46d326b49cecece2a002cd85ab6df432fd985795d51f486c5,a4a0239efc1fcba615cd294a21c5721e1b2c77a63d57e6eb1b982dafdf9a6386
4c238528f325bcca9a03697583d9f39a91ecf1ec1ecb66e92cafd5b4c044d8c0,40ba241c5f5da1de68d3c025e68210d8707413a4d7c50ce9396a006802556669
4cf51a2486a953bd9ce4dd6b09fd9678a7386ea31915a01a0e0326eb353c9dc9,733109d28a3e6d9245ea54be45a8440ef32ada45578c1606b7754ce9917ad1ae
4d3c23d2168af3ea021e48e7d89eeaf40eb81698e1b57c0391123ecc91f77d9f,89732ebd34c83b45da34ab219524890ca6e156d6b41af40693c0c38735dfb7d1
4d52c3bba39d8946fa880a6c81b32004af4234027926b891a64bc540bf1719c0,a76c78ac549894690f6c5d44fcfde2411f4ed1e2da2a6f96f5e3e8bb6d73bb74
4db49a6877becb75e294dab75d60d11e4b1db93244d8e82b11c2512d04bd229c,f78a113fe6d044c4476756d02fbfa80bfa165e538c36750bb5f2c6ce4dfacb69
4e64ce2b041bf35fd0368226ff323579ec85b031e8adb6356bbcf364d339f2ed,4cfc2aedffbe77e3e1e6bc0bbd0b043a4a449c7e6223533bfa37e76908f54aa6
4ec57eaec0f01f0289defe7a8c22eff455df88ef72ee3ebc754d3accb177fde5,77b41cd1a1cc9b393e49c7401ef8ba4781adbe9022bfb249275f7b5d85a2091c
4eea0bf8a68d2619dfa1cfe867c8398ae15725524cf265a9ac55dc0bd4bab47c,cba797808f21e671a23f95cb446e37f08705b5de676b5dffc93cc9696516b854
504fb004b5944620057e49fefddf5e2c0f636c3ebc003478b04edc84fdc19433,bedb897fb5dcb787c0307cc21b9e3a56c1f4630f328ab4ec60bf04999dcf3104
51084f382a1e26712441d555d560d2cb4815863c53a6248f00fdbc967857f8e6,e5626b915aa301b0d044cfb3844fb41a70ecb1b9a4606fc0b44efa8954a0d800
512cfbf557558203d0012e1d95388bb01d30edd9b616727147d797d47782d0cc,b2dd227bcfa1b85cd3e029fa91f222b5026bed2485e818974090931efa28f934
533d03f6fd2b5717597c4f3057106b907f4b23c8fb2e7b6d03fb900b20f97735,a329a68d7f143184d9c03e4c00f82d2a3e1184040242f34e703f1629652777b0
5341f2a87f6fffded8777a16b607bf2cf7f31e7a13ac74380d6fb0afc4156ca3,4a10af24fbc0983c63537d0875f5666f9d6f4cb7c41570745354abc974faca53
535211a9c9b5e9824bacb70ed61c38dedf4b95efc2f9a5c0a196f5fcfc5953cf,a01c35d0eba2ea1bc2bbb17bfdc602ab6f25573696e2f994b45cdd6f0e4289cf
5371438414e294028c64235ae437ac5c5801917b770cf61c08da977b67ea0aa9,2437d6a915eee505588c3e3f460cdbd5272356a8fb57a72706009efa1e54034c
53b0c287511a132ea91b742571b178f3adb7d592c2ffd471a94b3f878e79d0f0,5a3db14fbc2f2637f49abf268ae787cd1dda00c10d1c403724d753a93fee0f84
55018eb27d5d2a0d3d162c506d12daf187c719cd1ec684dea50989d9785e1855,cc84216fa3981dc8b3ae5a193e2a4db169922496ef969aba1d46f3870e3cc6e8
5541b4d9aa4bf5446407e044af86f897f3242d7f4ea85bd6ab848e21f71bd7cf,21b4117d04dc7e708bd1577b5295e4cd1ec931929b17b1b574c6ad95b19c524d
55aa04ab4000287d8d00bc1226e28e079304721d8b5ab8c3c194f927b09c7286,b92b605268348343fd28df66f6b4d5c16bde0f788ae89aae47772981fde6e132
560d9611860046e86e142c95bf632c39b28f67e03bbd9ec29c62b862617af2da,6a9a2fadde5d38023cc88d97ce04c3e52781d6f5332c79c72bdb89318fab6cc1
56ea9f3838db52d7ecb031e8e79181012d744e66ce8349e460c1dc3f237cefb3,edc8e02a0556ad5e9edb1583a3227f8067bd28f52e85bf713008c0f690350eb5
58a42ab25e8f24f7dd80b3f0da920be961950bb45442f10feecc42fa73c404eb,a6f17c3bc674d60391fc9a1ec361a45627435357916b3d707759bca130b8bc28
5a5c4b1fd3d506ecdba5d06a5e47e49ba01e1ec5031c5bb36ad7a06b67968fc8,c4e8246840c06115b8b8887c439a83b1e97e464c654b0a4fa31d4acdbc3ac289
5a68e731f8b3d187a758cebca70b24ad893cd448336eaf22c6c3d8f0ad8cea90,45e6cc4d78966092660ac95beb3ac9ecf446dbbedde7e1caa9c3c5a33f2621aa
5aa1392a00c75b2881d26da1372056f68499bc3319506339d95ab86e4409a537,16fc64e4a4755a4f44cf2fee3e20438115ec7c0b246ea73f444aefeda553b16f
5aa7ccd23c0e5ecc2d3b95b414afb5566a2413e6eff8a0f1ef1230656b23acae,49c1f2c88b0e2071b7333cea1038b80f7059919e25d84f1e28e7074e49dca86e
5af1473921e763dfd344b1206e63e76bce49c181122794eac79d2cd7a0b9bde4,d3a3166d06459a494d581986b58f338769405207a5838eddb38948ba0837326d
5b8de013f5352b00863e2b8cf96bdbecd89d1f90df8d85593fca92b6ab4739b8,826dcac57a4d16a35b9d95a8ca2323178cc5e158edda83b0f39908097cf1a7f9
5b9f43a6eb163fe41888f208f30480cab5d19a6632b94f3b2bbf40670953a0ac,bfff100d0bdfd47d0a2ed640ee53b9c847f9005917a7561a4f058f77b86608a3
5c075bb66a8fef9b2c4cdfa8470ca0072b5c03eeeef51d7c40e0e29093ab452b,942442c1cc0dddfd08740a74feb6ca286d1afde55bb5e0d87ada268c0df4aca0
5c3254f517abe995dc9c788723d12c4f8dce5c3323770839ca44dad16db37b3f,f5674dc4ad613c5c8c20aa46c6bda8505968fe65f6598a227cc4f2511972a8ba
5c7661c6aa6affac26b051cbab4fe2a2e40ed018b6a98b8f36fb179198e472e1,faf39c9af876daf8600c29d875acce3f8f8bc2abac75afa3bcab779b82b92526
5c78744792ccda9229696b2770a4ffe0d816ce94e56d2f57929765abc0fb27a1,e151de92bb42a72ed4620b55ede559687f34c98752bd9446ad2390bddcd82834
5cbec1c2dc29ab2db556d68c07c925963353c687a1caa0f887ede2f6075dfd57,964617aa91b0152ff3e8a90e896df6b4ebc95c4add8a5f7bbcccc4151109d360
5cce3d3acef75db981e5cd57e7078d525d04ad504b54ba39306dfd69ee86eba7,f548f09d34f67ebcc13a9ac49a767efb5a2b42ad260eee5c39b0cd30a2121b40
5d30aee8c82e775dd4be67dd417bf782b33de8522edc1e9bd45c28d26e27ae49,2c8470a8cf8f80693ba26bc208c754c2c5c6f02c27ec8be74df629c51e050935
5d4a27b0b697b20644346001ea8a10202941961989ea2b279466a7676930d24a,e32a19da9919183c94609d6f01101c754e6c19b8572e3b48b757098982524d39
5d7ed2103662e25cb5a0a5ef4de9341188d131a09e5d8ad15cdf827c85bc841b,4ebbf80c15a14ea35ed19f9799ab3682d0bf4aa2e33d8590929342402486749f
5d86792e0f5fe59c08beec34a2aec7c80b6cd69313c98e22026bcc8447ad66b0,9a9cd03a86267330d3e237bc15cf867d30c39a3d2a7673483c334ef314abefa4
5d8dc1762636b035e62d703a4d5c58c3afd47f9c2bb99ed5d566c0b1b7c4a2d2,03c7a1f30e458d43019c33bf16f050650c7e109a833fa57076a660fad9c02bf4
5e6734216b113232b420a0a1be842a732150f1267b544a492a0bde987f49e5cc,5e95022136365eb1da5ea73518fdff719cd69941cd622f36b62ffe9b1e1dad68
5e7de1fc7e308b2bc4c8d8f5eb3719a96f77c554bb501afa87cd974225fa927b,8afca3f4ae34571ef8d863e117980d9b3c6d034f125d0b13c32b24fff8c98f9f
5e897158f3f92c96942c7da96e56c3b70c08367eaeb78d0b018ab1db87b9093a,ee2606824c50eeaa703b7cbd1c570e577b108f4212db783c490421e86805e6a4
5f1e1d4206c167d3721c64d0c1ce9c3e8eb1b49e676670f5ff8f19198b194c0e,27067df7950a62f840ee55457297b7f9e1a21420b2334cb4ac8e56642ac4c5a4
5fafa7be4086a8ceec24cdb8c8cc9773777d1ce901bad20483f0c24e770f40aa,1f57061ab1128107cd734a5010136376105124f5f1d646e0907aea36aa9c498c
5fdd17e32ab41de6f633d762cfbb4a6a24f467194592477eb6f631d56e9641b4,f71f167a5a41162561300694c257c15fa064ccf9378e8cc99da98179960cef1d
6008c5dd6292615222e82edf1c392a42a30d40401e9f3cb03781f02d62c59736,0219993638d3c37f053f2297c1d34e9767a23326c8e24b7ebec770d1e39c003a
6015bd29bbe6f30a89c652e0506291bf7969137e71ac9a0360520485300883a3,243dc9cd8161e864e6945a5b41949aeee0d4a484f5ded4ca6a9c5999cf24f96a
604cdab40ced8b1d982fcbbe1a649db99bcc97a84d34f5771f6ad9d1b42d3dc0,69b3bbfdb70d87462f8c041c4ddf61c73db66b2cde9ad3a6a8531576344b666a
60b42f42b1b2bfa101fa5c5b97126ddae0741eb9ecbf916f47f6818310c1206d,01c922a3f33dda8ce6b5ab57a5522319157911a039a6441699ed40984555e094
60c81121e7c23ae53e04a570ae20a84c0c978d7e1371be68af14b8184a29b225,976158acf44056dd98b7952d6af92dbc4216b64a04327c7ffc1980f69ebe27f2
6122d30e30bc89af1551018a76f34a868cefabc8beff6f82454f7c171dbd14bd,d02d9bc0a0d825ba4c7677fe10d886d72895241d0f1953c877de3de7e04511c0
61e2e0aeec968c3488b3bce8b1c54bff362cbb4c7b4e7f0ac3018143d0d2903f,851e86686a6630a5ffdb9ec9b36688de6187680d9c5e00e5759c6a5f785bcfc7
62bd3f495b5f6484b15f042bba2870fe07c0f6b856c08b3485867d9ba1c3669e,e72da34990e03084c230ada05f4b0711da80da1330ca6b0a913c726ebb2c6693
62d33ba999c3ffc05a11c2165878ff6a3f9ad66c4eeb8f16b936fd156066225e,aeee3c7132caf1234a0a45deecce17dff25e0c65e24d71b16eb6704b59c8867e
6345673a4fb50aa9b51d5a4a07b69e71c93e7977899910610fed3f7281798c5e,d1cbdbdcf1535ff2514f1eca606873e4672de07cd46f08e9bbc8401ad29b1b93
642ea5ab0b3e29bae4dfd27e1388079e5bfb1eff282e918ce3c700ac832c3bf9,3dad6decd7ed9081f8cff6a191375cea4393046c2687167ec8696d99d93d828f
64b13c5c09ae84cf87f082d71c98acf1b544ddd76d97198878baf8777bfbd10f,06db693a4cd4e606aa2ddb249465a695409df34214d85898b3ed877192a52dcf
65ca572de28d49312c025c733061caaf4341fd82f00e0db83b3d22d109a0cca7,5a95408cd01f259c40f497a1d3b3f98a05aa045cf489f7693f4d0f04340b2371
660ed3b8f8bffe8a326dfb597ddce7a3b4c9b28a04fe78966c88bd59b65b1e1f,4c524bd78ea05989aaaabdcad0cae87d48f4ad9eaf18a4e4979d4f0f78465c55
683bbfe014a1dae5e60f60bfd49564e2f154533c33c0a8d5ee9692da7a1504ea,f41d0d2a21b84ba59e143ce2e5639185bc7f2b7ecc4e9fb1f1224d31e15fd01b
6917fb50e4ff7fa6ae817bb78baf532cef9f053f0ee4e1a4589d4b60a7565aa5,7592a555d0d50bf7844d07f0f1c346b6062819cb47863c2f3af9c46c6fe3968b
69a3311fc0618f57b83ce5ad87adb0299319025afd742c5c607b07d6ffd58930,30f6d520678eea3f004091763bce629792a5851d6317061ce8c57c148c9c09eb
69cb19a12c57d575d309f692e20a390b36d0542129d113df99cdc861a712a71f,b7451b9cd95a34bcf55cef1b9a044c2c07f75d92b2fd149517ffb1b5f7d1e4d0
6a0476093fd0e738b17f74c9bea82c06c5012239c372e56436baf2af8b8d5771,43f6e6ef6bf2388f14b48e733911dfb69c7993678689847411c2a780b9e3d751
6a580504450916112b1b86147e663cbfae6f3829e9ce0412bf5d6f75ba1710fe,9b4bf51edb0fde008239fa4a284e2dcee2b3db7151f1a1407174fdfe481d21f8
6a99ff9fdc39368183a58389401d08bdc75dee9a461bcaac8e81a9c335fbe1bd,806daf0f4a82854ec59803a5c096f28c9504ae8f3635c86de2aab555a2c859ef
6aa8f0e3cb4a35bc13f4dd8fb2803404a337bce31d6a0413c792c9120bf96f1e,0e998c88ba58035c5a638240ecaec77aa5498b4a177cb40f79d5dc84ef85f612
6b00487d6258bffd58dc54266fbc8d2426b4b5551e5ceb702ca5018b61e525e8,fbc644c6344025bf4e8420537134c59d6f9d1cda7e5f1331d53121b8e8cb9174
6bbc08b0abf383c20717cab61794678497f60cceeafcfd87d49063a3b0243b59,6a0babeed8861d23f99af913fbf0b4ca0174949d5659d0d8dd0028d32a9f8cee
6cf316548d7c6e836a0a0aaf0228abea13d27aa6467a6af1b54809fe14e68b49,1ebc73d8061d28fa5ff47325ad0e37405cadea4c4ad8bf72d13a3ecf22e4a1fc
6dc1bca21f4ce1f7ce239dc729073629115a42751f7de5e84015a21fe6c6dbc8,32bf55e218c91bb245054bd8f1a2b0193dca16a1af7a2217933baf2db515bef8
6f56fd60e85c641c682f98d0e01a41fb1beebf3041c4f134f30158b4254af2f2,ce114f1347538d781297d0bb51c9c61c3eef70f2ec9387f89304d12dfe322bb0
6fead59a814421d802b8d472c5516b9bfb4c818e91d5a89a5db4984862be0060,d07e2c1bc437439fb00ca65b10544793b42cebc346d57373964fd91a631fafe9
7103416a79ea9167bbd22962c7e78362f35c2c3895654a7bc1d14d35c211799d,596733d3c7172c621cdd97986a883cd97edff9464fff17f963a61b057e74370f
7107b081c265964dfe2340aeedef86838fe3be11571b2def6e1da946a086cd9d,07b5853ca41b79766229b16ad8d43b59b7dcf0f6bdde3578c3ba8325bf165d37
720014c1d1f3458655c3c0dc004ae3c466e41195a19c3c229b44784fb92907c8,9289ea7c60c72a64f8af3577d6a46d60a00f9df533d443c13f788c8c1e1ed3d5
73e6ee4ac64471fdc773e08f3e8e50969407d7298b4337f83213cc4335b30f75,2e282ea34c1197bd5c33f6fb21fb8d0c3c0f8c973745b70d8d840573b5a5d4db
73edf35c07d3c10a22d9aac8de8b7b324d3b5bf84c7ea03c910c2238b9302f4b,cefaf045f0ed9528a787ec96ac349455ad8d92a0aa21003571c81037a43e2a2c
73fdbd04ae303cc8771b02c6682c491bf8edf0f0b95ff832b7201f12e820d1e0,3fc7f43702d7927aa6a468e0453c15b8c67c50207c7c986e1755f32109cc98a1
743c2e629be0e5d3c5d1ad0fcda7f13e12c8c038ae99f1f90647901486fcf2d7,68c338ad134abdb90344ffa4bd07afdb48dae7ab6fd28c7c7dd1b58cf1e43d9a
7451034e6df7e2487eaa6f964c0a5f2cbef096cae1de506c2337f5ac102c88e0,66daee00d094ebb5805f605d75ecf079681352a6bbecd3b4ccb2105ee09d4416
75444a9527b33be535de7bdc278719e76727c87318a8d76b7ee830cf0bb5ad22,3b08e37cd8d9263627609d72c3b2b2c6c0cfb3a120e42f0504ef45d158d674ea
759797e1f89c7ae90208588941cfb97f36f72d5d2e3083744c818dd14ba93725,3d4a16ecd5bd5ece32bff5b3ab7d80e2179ee146020a5737c74f5d8cb8f6df9b
75c543f7f38cd5515206127dac8a7529f37b865de49d7319dacdf32e1622602c,586fd8bf0779012ac7c4b8681341b640e538deeaaf5529b2363862253b528703
77613da4100efadbdc6eb213d7ecd0beda94d02852cab2a5bf85d99f7ba11ba8,533baee9e3480b03672a6696ad87954ddd2f6f8734d12ca9f6f3f0b20e206bab
7789b9e59f24a4ca4e04da474d0ce73e2d0aff42febe9fa89401a8ff07a027dc,a2d37e0cbafbfe55f6c850743030d05f584cffeadc5099d4898affe635281fb0
77b624e97bc09a1c9e0e605bb627aff3ee35651e7eb27ff4cddff4f7f7305db9,f14b2fd2524272086e8c00ee6f30a90fb36585e873be0f0c28a2f8f480653e0f
78e64f6496412fa54b56c2989c8b00fa58e383f53f92458c1d56cf2a2f578019,5f4dccfef0740c36b51c94a0bceee202096b4553965579122170b332e3726c08
7962d78bc896e6e70084aab163ce1475d6a1e6753b59cacffa814baf8e25dfde,9fe78bed7e853a8e13011843dab52f6aa24b672a946f5db77f5fd605d711fc15
79ab0f72bcfe4bf223c9d157504dff224377d3f779c83e9c450735525b476331,341038260cf71356e3731b942df352cbb2f60bb1613c928fbf672c7e43f77534
79d7404b98b7f46b719c5cae8d47f16ec446130dbae7a9ec35c40609b2038205,070747cb51d68682cd9a42e6d3e7887cf1789164006238b4c3bd52d5243307b6
7a054a3955508f1d1aaba03d8944132b3c2d190d7ea1f4249762938b6b7c99a0,9a482681cd5cceb96153db3dde34c251ca999eb4870c73d84f8c197a968f3489
7a0cd914e9242ffb452d9baf90762aefddc652b495a7674dfbcfd86a49da7eb3,386d71e880a38c1c9cbb4bafd6a65d7dfb49aad9067d743a604fb5f6b8216735
7a82f65fd5b490982363f1f6e68f894d3fe550f7d32928e360933bfd6d4b84ac,7f7f19a2b2931dbc7fc59eff1bbd13839b42e35aa6f816a1555ceb1aa303d3e2
7b058c17d448d6d1cc4d9fb4ba587592353a84b706963354b081cdd32492b8a7,084cafabbdfbc4d33308b30f99b3b8856dc3afae54a0a9eeabba8567c3404ad3
7b49f79c2d2521ad0b75f70100bd7c55a970e509940df4fbbc3ae7a988c9fd4c,6fe598e09e1805df88246b71ca02c9d0c0a4f33e8fbfb7c5e59ff1882899f7f4
7b6a413b1c1018215fe400dae82e6366b80fb8f89c02402c7c7abe20cf746da4,6b33220e86d6cc397e11a56eb88f7dd7620b0ae7d9318c4ee093b9e5a99770de
7c9a93e427aef9a4e0ea799c9cdea1bb148fef8d6d750a92ce6a27f84619d687,78ea004d3c7b3e0314a033a75543021c5ffc2684307dce91d8c1864dcd346166
7cb487ccf2ee09fc0038ae377d0592f53745f4f18e63c9ae9799b7eda8389e0c,eb826f00e01b45dc51b4f179fc13c3f0b10230350b5133ff84f819ef8dd12ce0
7e6afc19848e7098988775c80b38189d943f30f1c1afa27f04d3a1b68158c0c9,fcc3eadb11e1c253374bfe1cfd7f58e1826292203dfc96f234a6dfff99ed3c28
7e7e4dba9aab1cda7329507dd3859761b6bf4da3b9f14cb4a3f19826acdb11ed,65a6d1082bfe7c2136d2fa9d42a4974f075398e3d927751c7aa9e23dd74151a9
7ef68dd82ed3e53fbc01a3e7a6efa2bf8b7fa4d3ef1d6bbfab5120167a1b4ac9,3d5e20a9637eb9302ce500f3a1180739fa9574cb626600beedfb5cec2883b49a
7f0f4075868b9da3ea8d61629121f1ea0ff8efc00d4163bafe126b40b68d504c,59b0eebeb6302c722851d7c764690cfd8764e64ade2aae9de7e125c34f5f8187
7f97c023226f4c0f026c41204d544509dc3f62f703fa525250e07672d3a44f20,ac2672db671ee7edd4ab74b60d890a9afbf1d2ef9b2094a0bce91ef9775208a8
7fb2b004359fb6750e850214a9bf112afecc287ad175db90e6eddab02e9b9655,c0f874ac423d633e2fb43f9c547cdd2642338e96ec4e10d746987ac4a04d0df4
7fe8c2465e7389ad159bb6a73b3374c2d610c8a50afd0d5494adc68d3f416228,e80bc54cb7ce73b10d06baf069ba82982536f5a3bb1e85bac6364dc8e5d460b7
80006946b17efadd28ba6d09a5886d01a6c773a5f119ba6872666374e6e5f5a7,9745c8ea5cb4e2fb4b4a4f766509318bbd0b95bde236e04f0ad42bd232b5ba10
80822c71cc140b7be86bf9707046b799931b3cdbe851e0857c6c5a3ecbcf4208,3c9b8266bf3bcda86dede9e8985436b9b403882d456d7936f9202f00dcbc1104
816ad458c39a6ac68784c0c724def761287e4ac4375d0ceb4097e7ce4e553f96,5b9eb0a5edf53eb693b8b2973a7342fbd8f702193fabeed63cb57494ee8dc94b
8192467350b3e9a7f223a6cea958ba0f7434231151d704e102ffe6ac5b68d042,6c30c1b1e4a2b292520dd8516a63c2fc0bd0925073b19d424289234b59c39c4f
81994249307732cbfd90e357d7e5bb158b527ad3ddc2936d0165ebf83da77ea9,5bb6c53b732c87fb8912f0b327acf92fef4cb4c85754cb39e10953e7fa847120
82a02988c312d2c6612f08bc36415b286ee0f32362bd1f79ebbe3d4aa3bbc3c9,c84876116a22210cb82eb5144dea2f94913745a11a6bd0a06e6f4ecbc15f643f
82a47f27098751444f9d70887f82a65376c081de55938943008c308d5c962985,35b4a9143aae5c902839452d5a610f33d0b3cdf0437b7a17c91a1cc0b66b4454
832884073ff64bd5b6e63e93b72dc51370108db3f9cde095fbffa7426200e7bf,3f600edb563e84569505441b2caced08574d4a2a36cc27a963b2f8e9f885f253
83913aaa37790f946a375c1a10834253daf722d6044bfe2979f8487eca92f78c,698fe3520a3ac3da31c23fcbcc05fbfaf55118e4ec348f43f7e6cad065885f02
83fbc05be19792085df80d2d1ca5884f203e16f9b78c9e3b76f61b04c2483992,23d86ce74c62312d043cbb4c9a7054f8a5250d610e8755ac10a7efbc1acceebb
841f78069615c1a85d3cd75216d9b5641a75c35719f7c99e0f5080c49cd422c0,5468cd3bd8482633be5a3dd547b51124836fd11ff1986766fc9e503bff653e9e
8442ea7656ee02251aa1a837b7d3b16a80999b6b66aa61f5972e2129613e593b,254f9eac6d49b57c2c4e90f1b24fe10d0154a956ff24f72e3dfd9a8788d4641d
850ec49276c9c5695cd550fd79c29254815f51d0e57826e81181321a0c498c3d,da98a951d37e6a2fff10956c22c5fbbc0314e8304a002104a235db896b50fcec
8564ede773421b952fb756d4b269811ec2fab780b68c6bc00ab931db134a610c,9889f0273db6a79ccc162a6da6935788c27dd34b970875c51a204d1915da5cc3
86395b880ecc42f2935b00de3afe7f252ae77d075b457622b9ec83453fa15b4c,be4239dcf59b4f7a52751625a6c35a93ca452b03fae658a15ccfb151b88f6591
86fe71308d7cc6075a6740cb5f79393241bebcfa17d36e46ebb65e2b83d68ceb,bcaf9d1205c901188d42fa43e9d9566232b54a1fb437546a03b66fa2553120c4
872f2c86f56206a67111d099c5c95e611de71f6b1437ef1b498fbcbc97ade4a2,4f28c52f4c6a67348c1f2dcf8fa2666da4a3a7471153da6078f514b4cdc475cb
87aca830867d8b907b12a22d20493c422c2654d56de010a9276e8ea0e15e2931,be9175e6cd2c7034b8338c26a0ff903fe578f81957b4311ee34c0301221a9aa1
87c8f1d68e5e206c8a6670f0034772f962ad94926067c513bf80358f8d32553b,76b5d6f58c019347ef23ddae1e190f368c1976adc72bb10ee4dd6504c4fc1563
87f2583f9562c85268d236c150dcbb9da3b373fdb28dab813aec7dbad3dedf3d,09e664c87845f8e4955d93f157ec7ab5a0528d6d9460eec1b6747eff5df02eac
88a9d07ed9c40a81b1bc3a47ce95d7dd28408c33a662a71489382225a8064073,e74aa67d877102504e1598111692480f8078944b8e542b46343d38e38027506c
88ba683e195fbb2ea4f078deab58f109abfad68249d94cbfd5bcb5b695d81d2d,aa901532f1d0dedc317f50f8a9af1b47c921b909c2ec394bdd3ca6d3361d8ce3
88ca5357d21eff6b3cfb3fa0603f392147e687dc386f1e3cd81268e4ab0ee68c,27067df7950a62f840ee55457297b7f9e1a21420b2334cb4ac8e56642ac4c5a4
88d748c7e8cda451852d1d930d8dcee755e74943d34942ae83e6766c43b31ecb,fb922e16e6cfbb68f5d618b418e5773adf2cf6d48eaa8953685317e6667629e2
893d9d8e820947ecf0ee00f5630a43882741d4b36faa15d9973eb765e626c3cc,debc0d5bf94db70a816f0eaea1001e8bdc462db5ded561606e0ad606857e9a60
89ec7648162a9998d687234b25d7cfb9e9a3332714b906ca162e2b898ccc6497,b6b44d88e5fa77e07b5f02ba0c49782ba6643e50fce9635ef24387be04b3cc1a
8a09c267297ef5b1114ec9d887b5ae80dfb8c706043097bbbaed4cc94c893fc7,07e1064ce37631bbca6118959dca0baf87ca9f35b06e025c9828ba656b6a304e
8a1dc199bcba78789a3e43b193d9a50eb9bd5da55770e5bfcbc2c33dc4118c6a,9d7cdcaf52395105971506bbbfd96b88c46ed33eaadecebbc6b302e59da6cb54
8ae55973ba74b14a6ba7e45da2c94bb17f0c9d16f0f76dd37402220e15e25933,d7bd614f1d65f7066a4976cd4b7bddc55dc6b5654d5c394c738b77ba06721f26
8b94ae1f1a606934856ea445f643486d4b67816b3a4f88d8f02f5c5beb8b65cf,e74aa67d877102504e1598111692480f8078944b8e542b46343d38e38027506c
8c46f3bfdb1ada2f16f769e164b41853ce47d85e5c1d76ae6ee04b21d262364c,42fffc159db734c50a6cc34d5b473cfce18e40e2d8a19b954a07b256c174b118
8c70bcbdfe016546712d5d5edcd05df989589c243a98757c6b6fdd6b4f69034c,46ebf7ab269ab18d204e5f9738bcc304c6dbfad29a27ffd2c87905237d1201f4
8c72913acc099caaf84aa702308b5bb3e3ba45e29e20ff60b3be862271ce047c,d97433dedf916a7fcb41202c7c687c63c77a03e9601b242b20d6d0f9030a1de3
8cc113829307e7b0c0d4592fe2bfacdf34fe291b95d3006e6d43e675d8be2b24,7274fab94929c985f8d0249f0d841c8a5f211243f9ac0106a1d6606e1a493fb1
8cd330cbc4f60139aafcc5133dd44f07ca293cbfb94b797cd55159d3bda5e6da,872bf4b3637099c50e341407a4f2e66a30814314ab912c69664a058eed62f410
8d479b489eff1f39560ce006228840b1bfdc5073d156addac93116b6a95fa497,fea579a9805f6b23a047035ac8bfa7857f3d30a98fff45205e49bfb2bea1877f
8dc9c62d8097fe41c2ea1b4bc667171784a84788df3677be0c59c0521fbf3ff7,adf8270cdde8dd059990e8fce07b6a6d352b21fca949fc9baf0ab679e7f4fb6b
8dee6e8aa448c10a76efe73ba77ef6721ab93361e70afecb4a55c8a8872b9509,27067df7950a62f840ee55457297b7f9e1a21420b2334cb4ac8e56642ac4c5a4
8e2e70013cbbb8ad0a1e7009ee7f31bf85d905f391d82fffc90b33d4b7a8aded,4f794c5d606db33149727e8f40d1fc2376d5dc5acd21d2d3c2debfaae9a89db7
8e6fdc4849d27d76f5d375b7223dcb4feca843772b24cd50851462df3d20baff,34e3c37538889673a7227716ccb0faca6e1b1ffa6a0b8bc7807294d8d144577a
8e73e1d276728f6646faa15bf79328bfa19c09d84c50a2374d34d1a3c8ca3355,4fd2a9ff572b263b98f505e6ac17cbaf00e1c0ac5f5ccd10e62f0127f7e89065
8e73e1d276728f6646faa15bf79328bfa19c09d84c50a2374d34d1a3c8ca3355,6533a7ae212dc570aaf46b5a5f5ceb04bc797a06437d85f5198ff27d7ce815ba
8e73e1d276728f6646faa15bf79328bfa19c09d84c50a2374d34d1a3c8ca3355,f4d10b88d4821840badd7660d4d082dc8b2265ee56f21eebb09d550a3ac9802d
8eba77c1d22c656106933ebd6b86b6db71d0a9c0338718d6709c69f6c85f7b78,a845be601c6062d61bd171769d1ba3dcf806d7ce55eaf2450a9dd7cd1f3c3837
8ed5b9277e312636b4516d8b373bc843f1c154345120b23cbf6ed4bf55ef55bd,86bb3868c5c356653b0500af5473b79e99d6ed02a796d24714e4762625d7f172
8f7a6aff67dda3b18a0c20575b6448b6d42383ef8d149c1e95ff8c900a702069,cbc858fc5622ac1c18e4734d7fedaa32c67054e2d18bbff9bef93d46d24eb5ff
8fe85852691ecbde2577c6dcb5430df6ba7e2f0d1ccefd86cc8b52b42116305a,ee170f533d2f2bfdbbd812d33b12c162c26edbb847d03ccb5008696cc8dbe654
907361feb78b0a02b2a3b5d667dbd8e58c03cd666393e18b276deb84f4cf505c,aeb59f5940f30757a486a155a8ba7f03bd8d3ca4bdea45c2f0c06a38d84f5306
91965b113f2dc43172529d0ba4baf4ca32ee006a7423ec33f549739279837896,99c287b6e9f0b59b835722a9119ad12a1d9f50b9d169665f9c3d9f860dfb08df
923aae6ddf82c61db9ec872488eb9ea2690e9a388b4061a358dc4b89811e8852,7053c6409165ed54b42b85e85c01d72fb8641ace724b0c697d7762ff6f83b039
92a473a05e1f552165b2319caed1146bf12f8cb44cd336e5ccdf89db55b0cf6b,e7268439958dab26ff0cd7672bb0d7a6f87156b17e6f6b741ff1350a15a98c40
92f274c8376574edd4878f854f55807527f7e40e890606803a2f1c4e7a63ceb5,2f7c0fef68e882c3acba02073190cf0e6de4e616807f81fd211a0c1b03a10cad
932ee44929df1bf389210d7c0199f51ecc5d39bc2c57c8d117dd583ec9034828,97875b7df30743cbe4c12bfb94057e1ad74ab97edcfa7b311cc25ab6e0c0cc1a
9458c610122eef9a6ebbad9a67790023a49a11d91b16435d2ffe5fd89b2ff438,d044b96116cc9d06732a919af514c5523aee0a02f6996d82348f235239654fde
948f012fb683a258df84f489f8262c921100e391833050b4c533b9f2b37393f8,344488f9ce3e3a4dc76c357eb07a9b6db2d6c4494a733d43fde68ebb21505813
95eab64c5f102381ca7c14e3a0be0df38f54655b13e1e46a8588b02766521773,f7ae35df6f6ba80754bf6ded01768a50b55ca6d8a8c10ed777b6dd3a00d849d7
96b8cc3ae34d35209cc5a5260b99b041896b0108ea6a2fe78779b05e2b5849fa,88092240a86eddb879c929afd526a715b570082b53c3b25d3e0b8df23523984c
977696313fc9d69121e07683c7f423c62ca7fa43f01715300abdcf24fa69038c,76d7db481c2f5a8efb1f47b0ffcc63f3766f2791b30320c4fecde155b3ad28fe
97a072ab424e2b395285ca1dd577ee58d2e7b7d192e69d48cb764534fde7c881,a11c34820ff047d46acc20692d22a01bbaa4a7603831251989742a1fb277ebeb
984b91b15cdb0607aa4c7c4ef26736902c8eb0fdf7c2e3dcaa61559e4666db9e,d193f049f76d85c4935b3273ae2bb6801d626a58257aa854592ae50556b7f8ae
9985ab2f6dde34efbfcddbbced8763584d26a67ccf3ae36e2e48a85de6637531,ef2211e79256af7883d5038295f0b848d3279eca0ea0a757dd615cb9464b5bd4
9b1c082553f4087749b2f1344a8a060e129f3f8bd288addd37c94203ceb62119,e91a0e5bf7accaf40bb0bf4c1aa5c287c79ac9577db89034b99b482991936a56
9b4a1d6a59243401c330717ce3d92e8ffc61db3a305250a5ba3c20ac9ed60783,86dee119f806d0c7f62295e6aae502851827e848202c4e43e833126ed62773db
9bdff6a954becbb8f531575c747f47e9b0aff85932b2a56c4fc2f80c90224223,0f3b2d5a03867a8e830d904bb9f9819b9f5683a476bf4618c3e6ec3813b59424
9c2e8adfd12b4f474e7d511580029d1e69d1e08a17e0cb1df754c2e77b6001ed,3b694528538878d378fd6892a649fa634f0013ef299331e6c12b078cfe85d3b2
9c8f995cd6749d8cdb58a4b0324e4f69fc585c3aea04c6bb3dea1510b15e3b70,33df9ace674c23689ecfd37907e4d9bc1e456185b73a1bb73008249d2c1fc5ee
9cffea7d3b26315bdd1e552ea26a4ed5362dc37ef8679061543f3294ec9dc6e7,8cd2737491d4098bc4d7bbdd2b9b2b82d7636a14a9f9ce807e0d0b2eadfff0d8
9d643bfe0a625b9e4ee90b633941c14702f9a07379af20f582eb78848b61396d,b9e16839875701feda93824caff9436e6476d9fd752165056c1750bde6b9e991
9dc35842b73d07be7f2aacdbb92d2242312f44655ab1d2315b963bd5281f4d56,ca07622792737e34d0e8065a71ff36cb9113731547532e850841db5c7bc3f925
9e1b22e993f2219cd48baa60b5f08a77782cd5f347aa220bdaf3f189cca73196,c94e35967405344dd2fd4116f2705be22d222407eb82d5ef0b04b7aafa835f63
9f4653d1f69f90fe105b92183f5abcba74dca44a772f5e5618a3f503afb317dd,ef195009289d56406a80ec9704bf99364fd5d590cb707b6b9a440131b4aa4b41
9f4b54e2080b812f541c0ecbcc1ed43d9b333e024bdfa44d6c158a9306a2fcb6,2e658d064e582dc8f81528733d18695c86c5a8530e7bd3cc09579d4b86d99069
a00e9b37982c07846439883c5fe6bab8002f67bf87feeef6715cd5552bc059d4,029cc49adb09689874d3424fbb3b58baefe106a311e8e8ebbc8beb6e0eae5201
a0eaf71644f390edc1392bbdefa7da1096572476444455ee179ff1c4c0376f32,b812a6540b1f2bf1b10eae9c9626638042e167ec3de34aecbd34332101df0608
a1084260b238f6aedf6e3f3f834bfe5d4debdc08ce0293b4d36abc9c146b47ef,ffd2f47fb013b2f275ea036d765dc48eff82df91dc402219167db35d2dabfd4f
a10c2625de0fe91703d55f482332f3889592561b6599aa45b177ce111be2b805,1a22abf4ae6936b562e71af99e5f84e7a394774723389732f24639805b8a4ba3
a1563e555bedac305a867f62e4023a3797f13aaa22833ac6d78d3a751927ab03,3a08581a2d2b314ecff1c8703db791d27f4df8ec27bc53873b76a93767e4b908
a16e45dbefe2d67a6d27c086768b6c3610d4e057bb19627da0cbdb13e3f0d2cd,f1e218c96f99e378fdbaed9a426c6b44d0e7d3b5fec63e201625047643c6da74
a1a418adb2f172e0f4802225dc2d682bf9245c99986850df44c323929c7811a4,c30380bab6d801a817bc21d3942cc14d90a1e60ba0da79464b4d6bd875529351
a37f282500be87c3a701e03cd6f94a580494c65fab07c7d4f5a14e1720222eb7,35c7826666b279997e28e4b92cd7d2c643cbeaa9c2a2deecc14efb30f54ecb8c
a4149e55814b824af843565b2ba71091207463ebd59e229bb98cbdbf5656a227,f44ea24c62d1ebbe100ba73a24b22fa27da645d1c86f24cb2eadbba1794879d5
a48a52d9ff3d161311374c7f89c210c7dfece07b0c397e69509da81c75acdeba,ef3de6b7ad0832dd8e26d33d1c91053ffa1f8ef56ba1544abc1493d0bc4eb791
a52a9a58f7a0c7e0149824a97c231d590aeba0d40eb0dea5e9298390f19cbba3,2538ffb8acb1ed2431125fc409a8c27bbe9fb906a816719936a38f38442a247e
a53cbda53334dee00c119a0b6d8bdbaa8626345120e26907ec34eac994e38c67,45943bab01aef31a1c8c60cb8eb9a9385275b491a3dc6d4f2d0572902c54d0e9
a62bd82fa35adb10be1ab1cd7a7f80138e7ef5b541a06c9da052ebbfe236b98c,d18a5d7db65828f8a84cc7b61f7ddc427e44944cb1ee9e258f80f1f961faebe9
a637e311e73fba2d9966ee485a377c104567c422c9f1ddf43a81fd7e7fc0bc85,bf1e0cb0b05bf86d1f2832714c8a991cfd77012b4c93432f0cf8069ccd028008
a6545e04c46dfe76f4f901f7729db6b09f6f92906a5aebf44edbd6bcc6a151d1,a630588f31fd860446d76f04b2197657f7176db697d08e32bfc7206ca766a713
a666f4dbf11f3430324b27f2fc7dec7a37a676c74d64bdec814d1b36bcbc8c5a,d53b23ab2844c9a7584292196e6c6e6a39f8836ac80d547958e45d1f0aae386b
a6d2d37c1bf8197f493364dc5f7ff90b37612e049ef61dfb4794967ea13466f0,03bebd75a639c57ad0917f35e617aefa36919656a6b5412db73b0cbc3e383d55
a7bb1005d1953d8753fb545f1c2c33086d6f673a9adff4f5f460cc35af327937,82f630980e6dea13040c8bc2d88ba17f88ecfe7278ad25eabb51a88c33c6fb2d
a800e61d377f9e14326ec8cf7e05ea3a68ad37d70c23c3eb9e8d2c7c302d60b5,447b5bde61e45607272c92a29d3b033d282a8c5bc778e2c87153baacefb125f1
a8fd925dd6761fe181c03e48990b6103c2689a91d2b2bbe743dc4641f02a4234,ec1ff31625d546423b174d6e6eafca40efa4f10525199b0cbc6990ceb7d748a9
a9ee8a74db44ea3a07c0bd957aa8132caafd412a5e65fcb8332f57333e8db347,5243981762fe6ab302e111b141981d97a4c25e05c918c34172f2aa9fb4be30bf
aa85d4aba990e75a876615bc94973393cd78f5193d873efc11ab2fdb0c4075ca,ed63897e8289c01e204e74cc1ff5bef1e1dd6eb4e63eabff1d91afa92954f7ff
aab0d29316f19b3f27bfcb92a51e33b8dce2b8ee85f3c24d662e0a834d59a977,777b5e1e380b516359eb70605aee15b4f502a52005b239f5857dbdef6949ce45
aab812d311605fb522ffde4e5118ef82372b32a0174efaa023fcb9c805259d67,6066c33870d863dba9e4ff834e1a3f0d79be983a146c0baa09399603ae5315a4
aaba4475ea32d9cc09ffbd9731b3374a834007828b57878c1a75132d2a964921,a3efc12b4374fc4d186f7998987cd390c269ce1c99ff3e43995a864ffa0cd03e
ac4dc188755b9517f95783b7bbf33aba003b7a744da6a2f4d7a25e173c269953,749ea8acd0bf85b9610e9ede074eb8475eed2b1eb4f2404f8353f1ffc9a99c96
ad899eafdfc899170150b2510e80daf8133a6ce61aabac9f264442061561dc81,06ce74170cf0aaff9bf7f32b232f7b0d930832e588a98704f5b792277765ba18
ada5701f73ed6edbd8ad7afb727a893dd819c2fe6018421ba3f7d782f4228cd5,3a639f02254a8ae8fb54dca24fbbf5912ed7a1d1ae04bfe66712cd4c73ea99cb
adba57e6a9bd2cf3b45ac5800920c5bc345b2f34b8e7ab53826abf70d78711ef,ff3eb8bccf873f1e2c9894121d498805c0722cb5c15c4e5b5db50201459899ea
adca013d505b76dfd5eeb1a290c8e16dce403ffc37b91655d7053faf79efdcb4,ccf1e5ed6b2f62728d94bed3665bbdd7381d736b94b28fd066a21fb96ee9f23d
ae15e5e7894461be21090d2bcf8de7bdbb942a2a2a80504063119d3efb354a81,f71f167a5a41162561300694c257c15fa064ccf9378e8cc99da98179960cef1d
af02b955925936e80bc4d68f7795cf6840c642eccbadb8748c95b81df1039ce0,f14c68a28cde2f75a7cf2dbf67d91c861e0b33421139cb9da77f9941fb4a33c8
b10dcdcc725e91002a7b3025941b8430c837dd5e6f0026359f274c64b8aaa7a7,8b9fc963cf61e498b12b16c5012993e87193bb824d7b26cb03beac8b3a0eaed0
b23d3b7b05aac7b35722507f35cf8c1292d67e7897b878979c7d4171bd5d8e15,0a43e3e71d0ca9d0ebcab2c14276687255dd51fd176cef0ce756bea3d34ef01e
b2c8d01828e0c16dd1669a7c9b19407750d58771fc8aec3f95dda15f0be790c7,b06d184add7f4432fbcf0c7f784ad06e0a43190b2d46083f5eb3fd4be178b301
b326c61bf517ff002ebd3e164acb10cc7760128c0d398980b6938ac2edf80474,3dcd17e2bf20e2b4c4fd6d46b0b8bec12dbd0ebe011a9ed4d5987ba217888d2d
b4b1b375f2e82179abdbb70e6fd63777cb113aa9a05f1903ae4b777fd90f61c6,80cde042e8bf5ac5fe1f9e3436825526dedceda6b3da62942f433fd40145e6ab
b554a974105250e2a3bda92370a07cae284fd34b214ab2eed2c8a16b61c41a51,c9cc404f1e6297a2bd8d93a22d2c01eff0881a23b508b7ece061acc321fc2fdb
b6af720aa87bf66e1fd1fa68f99bc9d149214119f609d510b990f5168016a4c6,6f73b07ff280f8ab28eaa6dc275ab9840268faada5c4adfc0fe40aec1a15f1af
b6c3ca18489ffb60839f8e9eb2bc4132bdbf1768d87bc646367f31fb6fead761,2bc41e53f8e3797a3b1740a5469eeea2926a0b8dbfce2279b76aeaa423565c92
b7354bf54f4a46cf15de0dcc88c18a00d16bcdf4d140ed2911e7462736f7101a,2780e7d821ffe31314200f79af4c177f43572bed706e65a7f9c5fe985d6a62cb
b7597609efeed92b88bd145d2bb2a99ecedc08b2394a43f139e60c49960ee676,fe443fa80b877feec0fb9f9cc5476b30be6ea33505ebf9e1616c5c3c6844e6e0
b7d3310848346fdcc872fb40dcb80697f05dfa1f5935654ee13f75e463f15462,cd0c958ec2843364957c2fd9757151fdfb6659bb8e0d51e2bd98eaa7847df147
b7fa00489ff4bd8f0cacfaa5e71b3b5bad16389a8d6cf647d6f3cb3f4185f392,d5f77b7006fb5c10cdbd994bce322392e307d432a7eb2a894131496cb8daa014
b812cb58e35f73372b0a3a115dd232821ee84c9360bcb4b485cc9199649dc6b4,9d0b2a97d543bc415e79c2b01029253764c04249c56b2147c2c64ac89f3b7adb
b86803372f3d98e07eb387086bc57d8601c5981e603fbbd8bf09d0c499110a61,09a3e48a3346b574437259343471e3ff27c5aebfaed96abe01a4ba1141926c10
b8b464c46e6c1ac980d8bb1675d597246c851371fec1547a2bdbb1bc45fffc80,98ff862128f89160bc588a38e45573c88b1123c4e7190fa395054350215ac4c2
b96a9576ea4b3492b2321f9ff796d410c46e6d9dd6147a6fe95f8823050c8a79,773b254a277d51a73d83ecd753e5c34ee2ae5b72b5ccfdf61c4cc7bd3e759e40
b9717f657daebb5aa79b42c3591e668ae83b16c4b1bf58454fcd9f72033bfcce,c84876116a22210cb82eb5144dea2f94913745a11a6bd0a06e6f4ecbc15f643f
b9ea71e5bd340709890299a47bf7736576c19b36e765e487a6afdba83c1785bc,73833bc05c20fa40a62d20f138b7b71275504e586e1c736f44215aebaca2fc3d
ba353fe9db103bfad131f4ac250940a6db7165f18af3e8a66f0d7f1298a3675c,b1d501ea03462fca3e53fc4ad0df1fe23fdfc969fa47f2314d45fa88e991b436
bc47cab84400906f9fe11ae1588f8f25b6fbc0e4b5cb4bc2a179c22c645423bc,2b9acc994f06b513dda160186c98affbdd785a8b21fc0734e0c6696cc293c1fe
bc82347aceb12b4bf9af4e7f96a6401e900f064e5268e1695bdc5ffa4d96290f,43fb670951b91b2f2a0d7ca84023116e8a20f4726de77ec119256f87a91cd470
bc87e63b4ceee2dc1fd6b958305036992e2cb55c2c74753a70af58766f877add,5c6073f8815313555655ce5f6ba3663565c7acbd615ba4607073152423f289ec
bc87efdc831cf8305bb039521d429297db8b66a4d8bfa1116cf27b83260ada54,a08a14445fb6c748bfb035a9f8ba40285af8862357a70cfacf14ad1db74b87d7
bc9ee1a1487c6e588593d6571ba87806672d320db6836588e6005356b7e054ac,9a3ad29f571004785999d4d310a16ee47c6e318c628ec504f3740c2a781f0a1a
be1fdc02dc5884aff64529a6fcff762b40b094e4680733749c09536202def25b,b52f316ea40b70523eb19efa59434a0fd64b5787a5528f3b56bb981aa8c81a26
be2fb3ffb87a7d5a36ae57ac8e546d27361c4572ae7a7db4da1c89e6013ee919,8b7de81eef4d65a2129fc0e549b2f7987a16c9604192cafb92294ee26dcd75b2
bf54efb0075739228f1484c250183444c03a9dc7d07d05251eaba0509abd0bcf,b8b3ddd50ffcdf945d8ebff7400d467ecc5dbf505c8ded1c08c55aa411b892f0
bf8d9f740d7dd14a79a4a98bed6d3de4e3445ba7145371de9fb8c96a046141e5,34240c200237cd3ba15eb0bd8feb8ac18a4c76afa82d08d6c88bc87f560a099b
bfdedb9b3291b4dfe9bbbef99548204071bd6eb5166832372c78a68c477cc9ff,7deac046a6b0bb2e07bd2a389806a569dd7c8ef8d7dd40b7a32c136b76cb08f4
c024c450c009a17cc094f3f0dfc7a480cefe96aa80aa0b9b5c6d3581b1cf09d2,ea0d0eb808d415aeff93b9b600217a766e8624d3c9a55cdab97cdb37188d6ffa
c0ed6ce1503ed7330147496bfb72fdca03d6f6fcb564de3ced18cb70fbcb16a1,b92b605268348343fd28df66f6b4d5c16bde0f788ae89aae47772981fde6e132
c0fcdc64525d3be69736427cd397bf5a3c2d68104e8a9025a3f21662a804139c,93264a2648d3dbbf4a154681831e006fb7ee7bbec0a46a4970285f4a847950e0
c1bf927f1fd550d268dd1daa5df7e55c5f3319dfbff2326e2bfd83db97f7838e,5b5cd8889fdb54fa8d88315e781b8bb0cd3c79a9fc1aff1ddd21c8fcc1a48f81
c371ee7b67f8459a56552ce97cf90be562af6460fbb82b8a555848899680fdc7,51e85e1d0ceadbe79fb82ad9b494fc56053662a444a8a29f1c773f2288d958f2
c3a2d4c3e6139196fe6f74a01e8d1d661abfccb09af6d3da3064675f383c57f2,45c65996a78ce8c60310790c4d7f3c48edd1df15440df4b6186ee49cea554572
c3f3786b320119d81fa0230f54fc05496ed90a8fa57f2672dd51b49c55f63794,bcab904083d9902ee1a9e49f4cf927f9e10edbc4e9cc496279230c79e106aa68
c40c735f8a48b6815bcd3ac46897d00d307b90ec8aeb4b74f11180f23368ba6b,dc230135b24d4e1d175ba66c7e4f379bef82e832f7db19ebff8825b84ecfb516
c5aad3633bd009dad7f20ff733d79cf7cc4a4a57acd0987ef4dd3fe77a6c3e2a,fbb2e387ccb2486b8bffb9545563a67bfc028d3c814f3763c2e08febb17088ac
c687ed16cca030e03249029f8da9454263c50f7848cfcdb3c322056e5b8af71d,f74836c2063424952ef12226d9b854fa79993b80090ae8b9e564c0c4636603cf
c6fef3aabd298d583a2acb3267dd8aac27865190e4e94f3d762bbbbe1723029d,87c06f10f2e4acf4de104fcd1b60b1335c73cdfdcb440ae9bbc1fbf4037b301a
c741599b0540d17238c6645b44f32a2690eb2015e37687aabad2f4ce213a2742,810bcc5dff982c149487b3165777afeb4f3d000f4826edb8b3c88782e8cd4906
c75513d980e708065e70293fa974ce9c6af916d29c311b93dbab465490a0524d,a23f2de23de444a9a71de1471aa2aed3ec7a8aa61c389c19218d2340b5870877
c80f265ba82fa90c48ab1c1aac12d9eb442875cf1d44e7ed1e22256dd491d833,117af813c96e18a29269c9b3ef0cf801901e5c8c229668b3a25fec2991d69ba9
c9093e77f452d3a411a3fb2d7fc5568946506f1e2cee0acfbab9c7b3306ba17b,0938ddfe15027c0efc4d998795717ad812a5a5fc09572ce472b43ae165811b6f
c93b8cb516e9cc63b0b40a297aa7c0c2c94082b17e28b3768773c14723902426,69584001774ee43f8bc3e6df5517c2b8eb3109bcb6db5e1e5103e9ff594f2c22
c976f22b34262dd3a24d1f1c6e2ac77214f5a964ec49fbc05d053f0f76c468d9,f13ee809bf52e5e1a48da1b9f58bc8f3434ef838e12a86dc3a1ee73b09cb3e4c
c9ea72fa20b93e1ad556c06748df80d02f0da9f048a9c7ab8dff1b8f8bb91186,cd075088f9481d6851dadc289d03ffcad6a8b995d16ea46458a603fa0a4573ae
c9ea72fa20b93e1ad556c06748df80d02f0da9f048a9c7ab8dff1b8f8bb91186,d71380c53df28e6835f27730ae381aa0379aef84a949e8606a5d8af3b74a0a46
c9efb0cb8ed2a2b953782353e67bc587f31dd7dcc04342968b40911e6e653697,fc0f9927f2efd16909f6ab730d32c3401f93042c3626e024939d71a2cd6e13a5
ca9165464aebce2dd394540df8bf52f67a1726d53f3023be89ca63afbf055241,3e0c517ce31e6237590e5db209636937c83952e8fbbb77e1f0a92e0d2aa93a3e
cad401109991f557c0dca3d53c84dc367029614076a2db8f32da188f6f8d5999,27067df7950a62f840ee55457297b7f9e1a21420b2334cb4ac8e56642ac4c5a4
cb22628b8cb62b5f81b430fe19843d6c31c9785fe9d7714adec1332da786d82f,291b6038921e171a6e061c6860089277811cb8deb14ad68db16550310dfb0c13
cb2dc71dbb4da98188916a22277e056b0a68d78360d09c0a583fd2acd6fc6f2d,a2f7bc4f819c31392aadd29c85f26f330b409bd429cf9193ddaf3d09f00e9cd5
cb3265f2e0732f53e949c12898603223699b8b245f019e800540ed4080f1a8d3,5ed5da3ec0f3a94a214b1d119b5904625058f5834ca2c5afedaf66df2c19f4bb
cbe8edcde17181afc97b7e37091d20ddb38ae87d7f6b1ee2b1ebd4ce740a5eb6,55c35f4d35a9938de2e3487d0ff4fe99492aef7b326cc33642d5a3c179783146
cbeeabcdffecb3478c423663d10f7001b157cb159ffff18952325027196613bc,d5049b03ac10ee85dc62fcb7126676754df97918c593f49b21b2aba2a9ffcb32
cd05efb4464f72f941991a19be7bace64b8c0fa999d52a38118b436807dd2425,b7eaf905d9a2ccaa9ec53bb8f15f2a9c52c06f679ea72a68f53fd552f6035248
cdc02f2f7d91a7d87e0edf0f856b12cb661712242d63f71e9271373c229f7ae9,bfdc37295f2b755cdc33960d9dc77b6b40f679b801f964fb384ae4c294cb2a88
cdf96e0658c9d0aa686535788858c3294281580ff02af42a272f9c8a0b6f5005,244c5ba97eb25091ce59e846bbd50a89c5edf043e522863bdf334c088e141374
cf8dddc0cb6ff45aea4042b8c0000f0ec40f09baec4cc04dea849ab493890df8,0718b0fcb6c27713952a624965815f05a214a9c1861a8271367502f60ac44e82
cf91b1e94fe298ecf6383060c79b3dd7d030cdfd00bda985fd69f0dc883eab95,49a918dc51d8d4063061e5b0d257943aa194370ae1f07a1c1fc746f7ed7dd3b3
cfaacfc1b52b817c91b81d5b7ab08cbeb3c5efc7c925c86231c44fbb9af4822d,86167bb457c56ec6e4160e0df7ca208161bb11c443a1baf5e8bfae4ba2f1de8e
cfdb1c3ee9adfd9db72e708c5d81eb3312716b97d6b262aeefe8b7eda3788eb5,e4e2e37b5db85b963f1a791233fd60c3a87787c7064b31c68d01f9e5f2aa768f
cfe4e708333a8ba6a0126f8b5c63ffe39e16bb7aa963901f3c76381f5087a674,9a4dbc5dfea6d37441ff4c088bbcd83950753fbf8c44a509024c38795771bdea
d015dab751a65f69467d65fa440829902f56ddf79a3103ee51c1f534c7e3d3e7,a384111bf3a98555ff38db0ad37fe7296a362587c5fedae09f0e28de990dc373
d050de848770a35646a3cc720bec9032fb4655a9abeefe3732a99cf428ce8bc3,1916bf47abdb6993ec78965cd87d4dc6cdd223fe60d093cb6da9c4426d8edc3f
d18dfdf25ed10103322ffcc75d7c526c7a81c54d71ad686d442e431f4aaefca3,3af01fb10e4a7958f9cc989c5066e05c40cfe48a405238c8089a6cb791662633
d197adb8a5cae279baad3492689bdb3517c6fa1d99ef106ca0035453fcb20273,9a972e2f9839fb816ededaff219256fbf9a51b89e5dfbc9eb652c2f4ec3bdced
d3733a22feabf93ca0d3be2b72e5468175f298e4a1612af271097ccc397f7fe2,57d715db00c268e7b824d10e26a51334a9452bfc6239e0f5d3aa333420fddde6
d39c74cd0801e8161d4e16dfedbd5a396d609ba6ad628bb6d3990115fa8c5680,755daa0a07ddac21d25cfa08fb0a0bfd2cb9a539ddd4658888d662d30c9549a4
d3f0296b30c01a855665b3e3360b088b1f588656700f69f96242bb78364b6a58,37805390036c847e22eb0615a60403ba241c6dc4bfeae6b7b53b5e3dfcfb28cb
d483e78acd0ee1bc1b6eee81917c66d7b57bce818f5c1bbe74b88564b4e69418,51739466841ff60aaf1280f64c40f9ffdb10b0558297e731f869a2641fb2c2a9
d48a350875f132bf12805aaaf14fdda4368bda7d4433e9ed5f6d89eb4519b74b,61037665de19446e5f458708ed9ead5d517a61d28fee72b93be3c8c8a5083a99
d494391a1a0f445726ac74d1972f65d947af41c8aa8cf83f48fa9582e2890ef1,cbcbbf652fbbca0bfd4c30217988ac35528da82e353ae46855e8218120dde248
d4b862af458d60dd1b3938e91489a065bcbd6ee5d4a82c18c89aa35cd6e280a8,a4a67c0666dfca856013c465b4be6974ff7228a32088c7fdb3cd608de93c1ccb
d4f1ca351e4d49b0de5a6d4cd097a8c205750d5f4628793f4ce34e74d88e62cf,a521f3ce21689423001a5b7739a1a3f1f05ac746bf1819f875a4574513f5ebb5
d568f4d0c63f8f1b8693cfbdf93a457b82f5b5119ce71851eda51145cdf18092,4a7994e3b834191343fb65dbdcc5da89cbdde88f5deb85e953e5ed07199c4ef5
d5937c88ec442caaac857fa63c2661816fbfa8c50a0b92aa2a863530d7474273,099c5b0cc29d8022bd42dc28da7ee72bb43ecc20171dff34da9edd4d169a38a9
d5960b609e7a8c8e57088286ad7f58a8be460081bbcb270dd518bceba0062138,55c35f4d35a9938de2e3487d0ff4fe99492aef7b326cc33642d5a3c179783146
d5bc0e08a11ee0a137851584c5bbaa970d16bbc5ae376ead8585ffb651e9be78,c9bfc4133f0e2192bc4b92f2717b6c04544d111bedb9e307985eac35426999e6
d698c8945fb27512b9005bf7a1358bb64f045212021ec909e61507916df4b83e,0e2a0a761b176d0928e2f6dde8bc61748da4e4169f9c6a6084e85c9f0489cb54
d6a17c18bcdfaa3eeb3516d34f3cf7480d464404a4233a92bdb5fd234b8d1922,eb66e4540be788a73765aa6254fd0da1f961c9e902c0301a2cef2a7bbe9f402f
d7aea6ec6c535d9a66b4b5db16f9a448ee6a76d30c5747d8358640897e02c63c,7c06055695b7a313a29d482c079020ad19a5f85b5cda61c3f2a2796712fcb2ba
d84c398d17b225543876c6cdacc81975061ad3c8b4c6576d68e7357f341ca6ae,ac814e76b44ac80e419b942fc47f3f6a72e95e9d075197328cb15e533b22151a
d8a16d03651b220f37c32edabd006744137af85045ed701d852ffdae5eee17a4,3469e810e711ee2b96c597a3117973f91389db8456d5b1e87223f5ba2c63071f
d95094c44498c6a80f59506d4f25bb177fe7f1b5840211784af679fef1d788cf,8ed1928d72d46e293eefc00199dd82e514e492b9583cb2d97d5970d0993227dd
d9b839bed78395ef1e2f9c3a76a3f1f3ecd5e095d8abd66999ca27570a012196,623afb7d31a481dcee9715a8004c05b819488ea9f6a59e47fd8a1445a99f5a43
d9d4a75ab27d680927a3b7c35c36c801072ec4968a3694e522c1bed237c1da84,9185def17394394ea716e5558e3a113fe77bc48357c0b7fe00aeef42f505bb65
da26c67613458037468c95537492b71354c8de8a49bf0607d1e3c87c92cdab72,30a93d60a53723e9bf458f74f45675bcdef1eb4dcc80ca195188fc2d68fe7e16
da5cb7eaaf4971205deba21560b15ea17bd40e9eabda92cd4a7098294fa8495d,e73efe7308c78be23577d3a9697556bfb08dd5f05e36950775f9f303152282b7
daf78166cf6af62a0b40625a2fd6c8401f27b9fffab4a92d9bd3742bcedea4a4,af0c83a85b7a1514f94f320d7260b0be436cee2bcdc0866cfcbe6e1472dbf435
db4d65de7ba15f2b12c54fce24be6f205678cf91a4487d9224803829700b08e1,163a15518ad8e5437a2471adf78aabf61a16c49b79a0c9f7c425730829b95349
dba02d5050b14b47891a07a12ec7f59b65f5dbcfee869565b36e4eb072ad7223,e919e918e557d3ddcb1a4a843a902218b2b8ad76c429814650dea00d4b6efda5
dc3dc676b8948742792a20f39f991601df8d080bf5c0867d8aec67c3dfd7cbbb,1a50bf642aa3f401b4b51b5a91f923d14dfb3e5117b59483f5d447f4fd12c609
dcaa694d9ae4af00bf6d73aebd64f1d6e2430baef40baff410b22ac5dbfc5cfa,79cdc3e1c43097bd770fcf43fbd54109178ef6c6e8ed0aa7903914919bb3094e
dd2a2f866e6727626b80287d3d99cf05cb7b5780aef113638591e823f0813ee9,326a317ce815c8e097c7375f212621f75b8348aa48d9d7b7975c056c12c375bd
dd64c2da17f6eb4e43661445a85c3ad1cd144281a9bafa13e3d84ef8236c0dbb,7ee2bc17ebbd48614e967257afcfa67a7f75504bdd29e8fdc53730ac02f9b199
ddad8af2bae8834d886241b6a4908208adbff7672798982199ffead54b43b600,93da33cb203fda2a6f2866049b6a239c50804cba68446d538fcbcf8f23bc93d2
ddea186bbe78532d6dc7576d1d3eaf01f809aa65da7a8078903bd6c3238c9745,038700272854fcfdc3f20c454bd8035b16134d9e95baa653e4fe9329c4b0a7ba
ddf2073395ed7fbd7458242c75a5b2b8ac09141f45203d406356460022e3995a,c6f2cc6c5d79f806ebdee3d81d0d4509a9219f34ec10c465c80d59b858815c1a
df15d9657c352a52d53af3543624f6a8ac67296eb19a3f1708846bcd989935a4,b5cba9e1380a55b1599df756ca93de088ba994bb05bbefd9c2bdf1c4ab7440e0
e0cab939ecfa32577b6180ef89187a57ec62309511afa3f69c7ae6f91d013425,a42627cfea482a8ed81312034f8a6af8e4147bea6e1fac026e70619e2ecbd732
e17137a06b3071845cd87dc093827b5212db1a0f7820792f85cb530c55289af3,cb0af9b4b276cdc6c150ce187006009e235e057d83ad3f553d3f4c8bdc078509
e1e04e3b5050b50487efd9db26e7b1769c120902e23efdb15b1cb370128032bf,8eab343a5835b21daa422a75854b00362529e26559453979a807285a40e18e56
e25d9700d882edf7bcc4ae223a06621c89445036c2357504f0cbe8dcfd1b681c,3cb320dabc7ae4c514fcb418dcae9869a7d5d1802a473e4c3d21bbd69e93c44a
e2c4d91d73159d6f085117c06992f98af3ae5c1df132cb2c4e22086f57a67d71,2cf90070d5f4217bf1c1cd0bdc0043d1ee567494238ffe033c9747615cf13d08
e46704299ff7c3b29f1008d4056fe2063b513db25b452b2f1488c0a0746e1430,5c6f6b7edce1592cda94845130f30623c155fdcea9c676add368916eaf4108fe
e482751fa2818c8d3f6b12a494ebfac0ccceeb5ecdfc1f9037df84c8806473ca,6f3836c8b909ad2753c4d9f5ff643b665a7a336aea857801baf23666f0de2b34
e4836d2f4b661df8214ab2510be23f29b45e5c72927662388e201a0b76a119bb,c4022cd5a2c4d5dea5cf97fa1dbe726d3d7729c3f2c7262612cb94233d7dcaa7
e49b3fe4791ec47a43a86f82849e743d5c2286f1606d0f266a974e7a936da0d1,8d715e359d619a441690271c6c9ceed9bc3f43e5a12a8d500b581a4de65c5465
e4f356c08abd3e5cb9baed1cfbba0a487b80d08dc202dca34ebfefa75114a514,e2c1332237a2337864b5b94616fd45217dccf26c640722129d7e3a2c6b7cc303
e50704d3ab5dc863dd3d1119945702e7865fee637f75f8a31ced157413e122e3,a521f3ce21689423001a5b7739a1a3f1f05ac746bf1819f875a4574513f5ebb5
e53be271df2d4faa2628987ad5a9bc288725a8f261fc12e54b484aa4809c04e9,51659ac58f209b22a2ab67566d1a02b4ef1d916f14ca536f889def0587c5f64a
e6832538a2850d924932346f295d25f3b18b83a0ea3e9b1c31d005fa94c98962,117af813c96e18a29269c9b3ef0cf801901e5c8c229668b3a25fec2991d69ba9
e6cd117fcbbba42e528eda2d414b7886ca5b98a4935b355444505857ee9cd707,cab8e3b767601dc0944e8f2b5232c270c72c368b84935816c27203cd0b0517e0
e72342d239920e900c3d53bf04674f14693edff36753f6c9e8404e655fc130cf,b7451b9cd95a34bcf55cef1b9a044c2c07f75d92b2fd149517ffb1b5f7d1e4d0
e77e16ff2ae040dfb22455be51e81af1e87cb19e10fa18ec241c146da2df3b2e,7cd81f0744ba4e3fee37debb9dadcb35977753d127846515f3dbc1a6d0614374
e7dcb6f7fab20a9741a93ddcad892a462728e88ef90888f5098deaa4d02d3719,7b9d18298370c75d469bfdad4dcee1e759739b1836d32e85685a431bf4c8c2eb
e9d4a04b8c4b43cd498dbd35e3ce69309f018414e202021e98755ac180570d79,f8d416e4163ec753c8f90e500737ea115190b1263fcab97836bd4d9691ea0f27
ea2ef63e0b5178c02384980bd3476272f2cc5f790e7ad76e0c1ad836eb5b3ab8,a3efc12b4374fc4d186f7998987cd390c269ce1c99ff3e43995a864ffa0cd03e
ec367fe4fda7efa395c5b0a98188e66b0e40f4c7c5b1d8ea4b19696c8adf4a93,7dd47652f03a5d7a2df7a2fd239730707208c1f838b33dd3ed52522e2907de49
ed203d0a058b055858bb0df3e17b238efde81de06f64fd2dc5d3d3186e6ddff7,1a93f47c44a4e68037e88f645b09ba99201d81f7a263c27b8e7dcfac3d8bbf4b
ed2bf9e51c8a6a2ca0f9b478822f6c6c4176f349653e5dc97d906a7f0f3b1951,219644ab98b0fd283536a98103a9dceb729f5518c4c7d2611a0d45ba2ab98d25
ed5362b06c876fc38c7bda12ada14394780c4f75269c28fe728be29f4ffd82b7,be1804ddd8efc5b8cf980d7b46bda47a8e38a91aa0e678d856ebb1f1f6dbf1a7
ed8725acf5769b2dd2467dcab1783eebc46afcdd7718d67eef6930e242aeec02,7e47edd7c0f31c2a1c6b164b638058bc95ce053743da6faecf840fe5c70f15c8
ed890e95ca38770e09c43a3d1c3fa29afad3918e482006612dc5c07410a2382f,78ed5fbfa690db98ab8cf1ee50a20e13a6e7cf4e7c8d682a25e0b46e09376524
ee5446ffda0143766471863c970f3e46a00e4dcf738ef9a15620c2d84c9de354,7054465d8c8c10a3d45508912b91518e9635f1165be87050db8efbb9d77eb444
ee573828768024dbd3895a24b75fa76a74fbcf95cd1d117cd35410181dab1118,3a654fc09c0a9079e1e4e97fee7b4a8ac9ee56674d93fb2ada7290513c4e518f
efcce94049ff26654afcbcfd93741be8dca6160802d934443731cd893cbf58c3,359c6e59e8d182195ffd670edb25b3b2f3b7851f4ed9bb01883ae24314600c3a
f0d7ca6f18b90ab9b1c8f85b6b9e1d6c4c624740a81a1dbcb0abca9918a65755,cad6d093dfa9167d539fd8f9d2539f726b39271c07979417f722bd3b438b91f9
f1dabc411564f67e2de49d0b00063a58875f8d8135e9a2e61f9b4d9c9b70f11c,7384d83065376a4fcccb0b25c840704e1012b3467420e0a609816540bda3ad17
f1e3fdfb879d42dd7479a47eb598ac37273cf7abf7d2737922e4ef453d267644,539170bd1ec826cc4f3d144667b25c65dfacc66cb197252087f393dc6698769a
f245501bbb58d184ec96458c944ce1462111ad2985385d1e9fcedda23cd57b22,86fb2f30b39697e5e5706eea57d7c2c36d703ad68c62d8dfc3a518f89d0fe976
f39f7911ae83f673434169185b05b99802049de48609e94fa81d093aa3d5e80d,76c25c1c6cdb4d44f817a79558d4eb2301169c204aafa431df7f18168e7605bb
f41926039351e8f383e8dfce406ae621c4ed3f93e8214286b2aacbca2096ed83,fd17b124866f1510cb7b55e2a01b5e59262781aab565a26242fc0f6e755e38e1
f51094e69eb839e598af55fd2b7cb6321a2ef0ea0f26028a77c9357377221610,525f39c89244d18d060245336a883f8429b79f0e816177245ef6365e90b18c7b
f51f52143b0c52a163a89196c8f68bde81f194eb52d8384998d8a6df56acfd78,860b0f2226d5d98b8ab9821ff26c841d2d567ca89fc25f4c427a57d6f39c2904
f58f43d07c2e42b445553c644027fe2df546373422812873891b2db7f5a07a93,671862da7b7345ad6019817cd796a866fa1f09a5c809873cb33e63436474041f
f5956082f48ee7302cb36a28148c6704300a7e08e3ec95acfe4dcee2725bd41e,5942368bc0ebda4372d6cc52186a78c6886ee26489c2724f78ae389477639832
f5f4bd0b8b111dde934d10a38484de28a5444cfe59b0845dba62cb31a9e38632,f246d75236bbc81fe089b39d6ebf247c9191b9b28561282c47d773e7db6bab4c
f68068dd03eb73c078f00b04512caebcd88c14d787fbff2f5e718733ea6f8023,0971665e09d354b2b04ea04611aab728191abfc2614e06f1c99918c38698a914
f6f13a35f713dd2a3a8043d237829d292f71e72605b7ed07361c2ea938f31f14,54461fd942daa934ae1372def6c5c8b3d10556f7ec8b5df180e01a6f58fd9c27
f724c2ecd32504d291c804fbbe9c9362d0ea7293e370ae1fa91e8220ce0f89af,bdb8761a3efe999199cf6be196ea1d85a36c7d58987e2f208107e8086d36d9f6
f8979dadf073ed0fa1373b6c018fa376833c5aa9e740a215f71026202d1363d4,12e709c847614f924fc6bd9dcb9c162816e5962388776532fc311a9bb2d18c83
f9d7736f3c0f39b7ce08675ef48cc1101a9eebe168e1779830285b86029953da,687a97db58e89e1e2c73f2270a463deb4f4dc5fef16171ae9475eeb3fe899e4a
f9f24cb438a0443f7ae61ce75eba8c8cd3cb40d0b287ab91ac9e6953f5100859,e21b0d16be74ebb9d581eeea422f5db66ee44767bff0037b8d10dd3fcc5fa452
fa411b669b42efb23db8afc3d597771cf58350c969559340eff0b141e874af78,8d05d6a50bf15add3cf538fcad97c5999dbc14a35c59ce867043488ae20f69de
fa5325e0e2cdcf7d82f5156699885f41dbdc1dda43e580438543e4c5a59b4113,9910dd4103ad4bbffccde59fb625d80a09c83657cb0444afa08725ed48746097
fa82e5aa53776371526af86e44794adbc4dda6eae55b91a6fe0dc359f2b718b6,850e4aa49507b8efa53b6926d7a788721cdd20c5e1a4633541c366c63c7522c7
fbd9f22e9868b9a5a53e4095516e4091e807a456b61345576d862987467d3d25,da94c0b0e66d63c593b411964a7e1e3bebf0ab2f95ea1dce2a298d6eda704e22
fd416fd67a29ef4d4bfd9c4285934b74b91679c75c463f35601144401b438aed,40ba241c5f5da1de68d3c025e68210d8707413a4d7c50ce9396a006802556669
fdb6ce595c4938641c14214bbca1608c9eb22cad1e5702bbda19f14282b89e8f,b7451b9cd95a34bcf55cef1b9a044c2c07f75d92b2fd149517ffb1b5f7d1e4d0
fddec72ef9b819c61d381cd828aff7ce4ff57be079a1be5be56c083e5a2eb0e5,66f03d133fbb627fc63a923b7c7fb48e057b362530617066bd97171824719027
fe585c59ca2a9e2f386cfd20c41b8393b88307ff489b4674c28670a52ed75916,0259cede12dc82d0c4cef68f444d2a1ae3a3d718787f8cdb8ff1fc05243ae004
ff2702756c14c9f349738b11b77ab0633a765e85c7ea82eeb07e772d3cf55a28,4f7208b30f52f86523681dc27f09dcb6f7747b756c794a97803cca8beb2ab839
ff6b5edced535bb121b7c9264383fdb42f9d52c847b64e02ed7279fea37b0c79,f71f167a5a41162561300694c257c15fa064ccf9378e8cc99da98179960cef1d
ff932883d9f76806ea5f71cab465cce00119899aa3ec57d77d470afda646390d,5cbbd9319d25d3aa6e7d21f781d457a346cffc85f558753b0fc74416eefb35c6
ffad0e67cf92f031918f67f2fe687e8116d2b31fd2e715f04f83c76c80b24deb,35bde384fa555a48e4c3007d2b9ad93aeb98bb9bbc43fabe7166c90976e1f442
fff29e0c36acb91a51b968a7de6a8880bfeec9a202b1f74c250d816db3171662,9e63b86b2654beea49356ccf8cde06153f38adbfbb81a6412a3d0a691fa6ecc6
